"X","name","built_date","price_min","price_max","plan_min","plan_max","area_min","are_max","address1","address2","line","station","walk_minutes","price_mean"
"1",0,"パークシティ武蔵小山　ザ　タワー　","2020/4",67500000,200000000,"1LDK","3LDK",47.08,122.11,"品川区","小山３","東急目黒線","武蔵小山",1,133750000
"2",1,"ザ・パークハウス オイコス 赤羽志茂","2019/3",39000000,75000000,"3LDK","4LDK",65.26,84.52,"北区","志茂３","東京メトロ南北線","志茂",6,5.7e+07
"3",2,"BrilliaCity 三鷹","2019/11",39000000,54000000,"3LDK","3LDK",70.98,77.24,"練馬区","関町南４","ＪＲ中央線","三鷹",52,46500000
"4",3,"アトラス品川中延","2019/4",45680000,100000000,"1LDK","4LDK",40.75,87.05,"品川区","中延２","東急池上線","荏原中延",4,72840000
"5",4,"ラコント早稲田","2018/7",34000000,82000000,"1LDK","2LDK",30.09,60.88,"新宿区","早稲田鶴巻町512-8、9、10","東京メトロ東西線","早稲田",2,5.8e+07
"6",5,"アトラス中野南台","2018/12",31980000,72980000,"1K","3LDK",32.49,73.73,"中野区","南台３","東京メトロ丸ノ内線","中野富士見町",12,52480000
"7",6,"リビオレゾン渋谷笹塚","2018/9",35000000,61000000,"1LDK","1LDK",35.44,62.69,"渋谷区","幡ヶ谷３","京王線","笹塚",10,4.8e+07
"8",7,"リビオレゾン東陽町ステーションプレミア","2019/3",49900000,67900000,"2LDK","2LDK",54.06,67.61,"江東区","東陽２","東京メトロ東西線","東陽町",3,58900000
"9",8,"ピアース馬込","2018/8",25000000,42000000,"1K","1LDK",25.04,41.7,"大田区","中馬込２","都営浅草線","馬込",6,33500000
"10",9,"ピアース南麻布","2018/11",31000000,78000000,"1K","2LDK",22.33,57.29,"港区","南麻布２","東京メトロ南北線","白金高輪",5,54500000
"11",10,"ウエリス仙川調布の森","2019/2",36000000,64000000,"3LDK","3LDK",70.61,100.4,"調布市","入間町２","小田急線","成城学園前",29,5e+07
"12",11,"リビオ神楽坂","2019/2",28000000,89000000,"1K","3LDK",25,70.05,"新宿区","北山伏町","都営大江戸線","牛込柳町",5,58500000
"13",12,"パークタワー晴海","2019/9",43000000,100000000,"1LDK","4LDK",42.53,121.16,"中央区","晴海２","東京メトロ有楽町線","月島",12,71500000
"14",13,"パークホームズ吉祥寺北グランヴィラ","2018/4",47580000,87980000,"2LDK","2LDK",60.62,92.6,"練馬区","関町南３","ＪＲ中央線","吉祥寺",47,67780000
"15",14,"パークホームズ田無 ザ ガーデン","2019/3",35000000,60000000,"2LDK","4LDK",55.83,78.17,"西東京市","田無町４","西武新宿線","田無",8,47500000
"16",15,"ザ ブルームテラス","2017/11",36480000,41580000,"3LDK","3LDK",73.2,75.64,"町田市","小川字十号1564番2外","東急田園都市線","すずかけ台",10,39030000
"17",16,"ザ・パークハウス 花小金井ガーデン","2017/11",39000000,51000000,"2LDK","2LDK",62.26,80.09,"小平市","鈴木町２","ＪＲ中央線","武蔵小金井",39,4.5e+07
"18",17,"グランドメゾン品川シーサイドの杜","2020/1",53500000,80600000,"2LDK","3LDK",62.33,72.84,"品川区","東品川４","りんかい線","品川シーサイド",3,67050000
"19",18,"プラウドシティ越中島","2019/3",56790000,85990000,"2LDK","4LDK",64.37,83.37,"江東区","越中島２","東京メトロ東西線","門前仲町",11,71390000
"20",19,"プラウド東陽町サウス","2018/6",63890000,74090000,"2LDK","2LDK",70.72,70.72,"江東区","東陽２","東京メトロ東西線","東陽町",4,68990000
"21",20,"ザ・マジェスティコート 目黒","2018/11",31600000,57900000,"1R","1R",27.79,48.54,"目黒区","下目黒２","ＪＲ山手線","目黒",8,44750000
"22",21,"パークホームズ文京小日向　ザ レジデンス","2018/3",82300000,100000000,"3LDK","3LDK",74.28,92.81,"文京区","小日向２","東京メトロ丸ノ内線","茗荷谷",7,91150000
"23",22,"グランドメゾン江古田の杜","2018/3",49600000,69500000,"2LDK","3LDK",58.1,84.63,"中野区","江古田３","都営大江戸線","新江古田",10,59550000
"24",23,"プラウド西葛西","2019/3",51990000,100000000,"2LDK+S","4LDK",70.56,100.09,"江戸川区","西葛西４","東京メトロ東西線","西葛西",8,75995000
"25",24,"蘆花公園 ザ・レジデンス","2018/3",65980000,75980000,"3LDK","3LDK",70.95,80.34,"世田谷区","粕谷２","京王線","芦花公園",6,70980000
"26",25,"ルフォン久米川 武蔵野けやきの杜","2017/12",29000000,55000000,"3LDK","4LDK",68.62,85.59,"東村山市","栄町３","西武新宿線","久米川",8,4.2e+07
"27",26,"イニシア新宿早稲田","2017/11",37680000,37680000,"1DK","1DK",30.74,30.74,"新宿区","西早稲田１","東京メトロ東西線","早稲田",5,37680000
"28",27,"ザ・パークハウス 花小金井フロント","2017/11",38000000,64000000,"2LDK","4LDK",58.64,85.56,"小平市","花小金井１","西武新宿線","花小金井",4,5.1e+07
"29",28,"パークホームズ調布桜堤通り","2017/11",40480000,48980000,"3LDK","3LDK",73.28,88.99,"調布市","染地２","京王線","調布",36,44730000
"30",29,"ザ・パークハウス 国分寺四季の森","2018/10、2018/3",42000000,63000000,"3LDK","3LDK",69.67,87.57,"国分寺市","東恋ヶ窪１","ＪＲ中央線","西国分寺",10,52500000
"31",30,"BrilliaCity 石神井台","2017/11",44000000,69000000,"3LDK","4LDK",69.97,89.11,"練馬区","石神井台４","西武新宿線","上石神井",10,56500000
"32",31,"ザ・パークハウス 立川テラス","2018/12",46680000,67480000,"2LDK","2LDK",58.92,80.2,"立川市","錦町１","ＪＲ中央線","立川",9,57080000
"33",32,"クレストシティ木場","2017/11",47980000,57880000,"3LDK","3LDK",67.41,76.59,"江東区","塩浜２","東京メトロ東西線","木場",11,52930000
"34",33,"パークホームズ武蔵小金井　緑町","2018/3",48000000,56000000,"2LDK","3LDK",60.01,73.98,"小金井市","緑町５","ＪＲ中央線","武蔵小金井",11,5.2e+07
"35",34,"プラウドシティ大田六郷","2017/11",49000000,51000000,"3LDK","3LDK",68.22,73.7,"大田区","西六郷３","京急本線","雑色",11,5e+07
"36",35,"プレイスヴィラ喜多見","2017/11",50380000,79980000,"3LDK","3LDK",70.38,95.42,"狛江市","岩戸北２","小田急線","喜多見",7,65180000
"37",36,"ザ・パークハウス 国分寺緑邸","2017/11",58980000,86580000,"2LDK+S","2LDK+S",70.31,79.09,"国分寺市","本町４","ＪＲ中央線","国分寺",4,72780000
"38",37,"ザ・パークハウス アーバンス 目黒平町","2018/11",59900000,92800000,"1LDK","3LDK",53.95,70.06,"目黒区","平町１","東急東横線","都立大学",7,76350000
"39",38,"ブランズシティ世田谷中町","2017/11",62700000,92800000,"3LDK","3LDK",70.58,90.68,"世田谷区","中町５","東急田園都市線","桜新町",15,77750000
"40",39,"パークナード経堂","2017/11",65800000,80900000,"2LDK","2LDK",56.21,72.12,"世田谷区","桜上水１","小田急線","経堂",10,73350000
"41",40,"シティハウス神宮北参道","2017/11",99800000,100000000,"2LDK","3LDK",55.15,70.45,"渋谷区","千駄ヶ谷４","東京メトロ副都心線","北参道",3,99900000
"42",41,"ディスカバテラス プロジェクト","2019/3",19000000,51000000,"3LDK","3LDK",68.64,87.61,"東村山市","富士見町１","ＪＲ中央線","立川",155,3.5e+07
"43",42,"パークホームズ立川錦町","2018/7",34800000,73800000,"2LDK","4LDK",64.15,85.26,"立川市","錦町４","ＪＲ南武線","西国立",7,54300000
"44",43,"Brillia大山 Park Front","2018/12",45180000,77980000,"2LDK","4LDK",56.91,83.16,"板橋区","大山西町","東武東上線","大山",7,61580000
"45",44,"ウエリス新宿早稲田の森","2018/8",49980000,91980000,"1LDK","3LDK",44.77,81.2,"新宿区","大久保３","東京メトロ副都心線","西早稲田",3,70980000
"46",45,"ザ・レジデンス ひばりが丘","2018/11",39980000,63980000,"2LDK","4LDK",58.77,85.35,"西東京市","谷戸町２","西武池袋線","ひばりヶ丘",10,51980000
"47",46,"ザ・パークハウス 町田フロント","2019/2",43780000,43780000,"2LDK","2LDK",56.46,56.46,"町田市","原町田５","小田急線","町田",5,43780000
"48",47,"クレヴィア調布国領RESIDENCE","2018/3",53980000,69880000,"3LDK","3LDK",65.87,79.06,"調布市","国領町４","京王線","国領",3,61930000
"49",48,"プライムパークス品川シーサイド ザ・タワー","2019/3",39000000,97000000,"1LDK","4LDK",53.38,91.79,"品川区","東品川４","りんかい線","品川シーサイド",3,6.8e+07
"50",49,"パークホームズ本郷 ザ レジデンス","2018/11",57000000,100000000,"1LDK","3LDK",43.98,100.17,"文京区","本郷６","都営大江戸線","春日",5,78500000
"51",50,"プラウド銀座東レジデンス","2019/3",71000000,100000000,"2LDK","2LDK",58.05,85.61,"中央区","明石町","東京メトロ有楽町線","新富町",2,85500000
"52",52,"ウエリス武蔵野富士見町","2017/11",25300000,39400000,"3LDK","3LDK",68.6,84.74,"東村山市","富士見町１","西武国分寺線","小川",14,32350000
"53",53,"ファインシティ王子神谷リバー＆フォレスト","2017/11",25980000,35980000,"3LDK","3LDK",67.84,70.2,"足立区","新田１","東京メトロ南北線","王子神谷",15,30980000
"54",54,"クリオ レジダンス八王子ザ・マークス","2019/3",27940000,65980000,"1LDK","3LDK",32.25,82.03,"八王子市","旭町","ＪＲ中央線","八王子",3,46960000
"55",55,"メイツ北綾瀬　トレエッセ","2017/11",29000000,45000000,"3LDK","3LDK",68.42,83.5,"足立区","加平２","東京メトロ千代田線","北綾瀬",10,3.7e+07
"56",56,"レーベン青砥LICELT","2018/2",29000000,39000000,"3LDK","3LDK",62.17,82.35,"葛飾区","高砂１","京成本線","青砥",9,3.4e+07
"57",57,"アデニウム板橋浮間公園","2017/12、2017/11",29000000,43000000,"2LDK","3LDK",54.05,67.1,"板橋区","舟渡２","ＪＲ埼京線","浮間舟渡",8,3.6e+07
"58",58,"武蔵野富士見 ザ・レジデンス","2017/11",29000000,40000000,"3LDK","3LDK",65.78,73.2,"東村山市","富士見町１","西武国分寺線","小川",9,34500000
"59",59,"インプレスト コア 赤羽","2019/3",29980000,50580000,"1LDK","1LDK",33.02,54.84,"北区","岩淵町","ＪＲ京浜東北線","赤羽",10,40280000
"60",60,"ネベル巣鴨","2017/11",33000000,53000000,"1LDK","1LDK",38.17,56.48,"豊島区","西巣鴨４","都営三田線","西巣鴨",6,4.3e+07
"61",61,"レーベン新小岩innovia","2017/11",33000000,54000000,"3LDK","3LDK",65.88,80.94,"江戸川区","本一色１","ＪＲ総武線","新小岩",17,43500000
"62",62,"ルフォン小平美園町ザ・レジデンス","2017/11",35900000,41900000,"3LDK","3LDK",68.32,80.38,"小平市","美園町２","西武新宿線","小平",3,38900000
"63",63,"アトラス白金高輪","2018/4",38500000,100000000,"1K","3LDK",31.29,116.81,"港区","三田５","東京メトロ南北線","白金高輪",6,69250000
"64",64,"イニシア田端ツインマークス","2018/8",39000000,56000000,"2LDK","2LDK",64.38,64.38,"北区","田端新町２","ＪＲ山手線","田端",10,47500000
"65",65,"ヴェレーナシティ 東京イーストガーデンズ","2018/8",41000000,64000000,"3LDK","3LDK",66.31,83.42,"江東区","東砂７","東京メトロ東西線","南砂町",12,52500000
"66",66,"リリーゼ光が丘アベニュー","2018/6",42500000,49700000,"2LDK+S","3LDK",68.17,72.97,"練馬区","土支田２","都営大江戸線","光が丘",14,46100000
"67",67,"ジオ多摩センター","2017/11",43700000,56100000,"3LDK","4LDK",76.85,95.36,"多摩市","鶴牧３","京王相模原線","京王多摩センター",12,49900000
"68",68,"クレヴィア御茶ノ水","2018/3",44400000,91900000,"1LDK","1LDK",36.41,72.17,"文京区","湯島２","東京メトロ丸ノ内線","御茶ノ水",7,68150000
"69",69,"コディア八幡山","2017/11",44980000,63480000,"2LDK","2LDK",54.05,63.42,"杉並区","上高井戸１","京王線","八幡山",6,54230000
"70",70,"グランリビオ ザ・レジデンス","2018/4",45900000,64400000,"1LDK","2LDK",40.4,54.74,"文京区","湯島３","東京メトロ千代田線","湯島",4,55150000
"71",71,"ルネ世田谷千歳台 AYUMIE","2017/11",50980000,50980000,"3LDK","3LDK",66.96,66.96,"世田谷区","千歳台６","京王線","千歳烏山",17,50980000
"72",72,"ルフォン入谷 ザ・レジデンス 上野の杜","2017/11",52980000,66480000,"2LDK","2LDK",57.59,74.17,"台東区","下谷３","東京メトロ日比谷線","入谷",5,59730000
"73",73,"ウエリス世田谷砧","2018/4、2018/2",53000000,72000000,"2LDK+S","4LDK",70.04,82.1,"世田谷区","砧１","小田急線","祖師ヶ谷大蔵",15,62500000
"74",74,"アトラス本郷三丁目","2019/3",53500000,100000000,"1LDK","1LDK",44.65,79.38,"文京区","本郷３","東京メトロ丸ノ内線","本郷三丁目",3,76750000
"75",75,"グランスイート下赤塚","2018/4",53900000,78800000,"2LDK+S","3LDK",67.58,87.23,"板橋区","赤塚２","東武東上線","下赤塚",2,66350000
"76",76,"ザ・パークハウス 杉並上井草","2017/11",56980000,89980000,"2LDK","4LDK",67.68,85.4,"杉並区","上井草３","ＪＲ中央線","荻窪",73,73480000
"77",77,"クレヴィア千鳥町","2017/11",58480000,68580000,"3LDK","3LDK",66,75.33,"大田区","千鳥３","東急池上線","千鳥町",5,63530000
"78",78,"ザ・パークハウス 渋谷笹塚","2018/8",59980000,84980000,"2LDK","3LDK",54.86,73.62,"渋谷区","幡ヶ谷３","京王線","笹塚",10,72480000
"79",79,"プロスタイル日本橋馬喰町","2017/11",59990000,64890000,"1LDK+S","1LDK+S",60.92,68.1,"中央区","東日本橋３","都営新宿線","馬喰横山",1,62440000
"80",80,"インプレスト西馬込ヒルズ","2017/11",63900000,63900000,"3LDK","3LDK",74.41,74.41,"大田区","西馬込１","都営浅草線","西馬込",4,63900000
"81",81,"イニシアクラウド渋谷笹塚","2017/11",64980000,69980000,"3LDK","3LDK",70.04,70.04,"渋谷区","幡ヶ谷３","京王新線","幡ヶ谷",10,67480000
"82",82,"ザ・パークハウス 山吹神楽坂","2018/1",67500000,100000000,"2LDK","2LDK",60.3,84.6,"新宿区","山吹町","東京メトロ有楽町線","江戸川橋",4,83750000
"83",83,"グラン レ・ジェイド渋谷富ヶ谷","2018/3",69600000,100000000,"1LDK","3LDK",47.71,47.71,"渋谷区","富ヶ谷１","ＪＲ山手線","渋谷",20,84800000
"84",84,"クラッシィハウス世田谷松陰神社前","2017/11",71900000,71900000,"2LDK+S","2LDK+S",75.51,75.51,"世田谷区","若林４","東急世田谷線","松陰神社前",3,71900000
"85",85,"THEパームス祐天寺マスタープレイス","2018/3",72500000,91400000,"3LDK","4LDK",70.57,82.34,"世田谷区","下馬１","東急東横線","祐天寺",11,81950000
"86",86,"グローリオ文京東大前ヒルズ","2018/3",75200000,100000000,"3LDK","3LDK",67.72,80.66,"文京区","白山１","都営三田線","白山",5,87600000
"87",87,"ルジェンテ浅草","2018/320日",32000000,32000000,"1LDK","1LDK",31.15,31.15,"台東区","浅草６","東京メトロ銀座線","浅草",9,3.2e+07
"88",88,"パークリュクス虎ノ門　","2019/3",37880000,95980000,"1R","2LDK",25.86,60.28,"港区","西新橋３","東京メトロ銀座線","虎ノ門",10,66930000
"89",89,"ルフォン築地 ザ・レジデンス","2018/3",47600000,83900000,"1LDK","3LDK",40.29,71.82,"中央区","築地6丁目","東京メトロ日比谷線","築地",5,65750000
"90",90,"Brillia久が原","2018/12",49000000,76000000,"2LDK","3LDK",54.54,82.13,"大田区","久が原５","東急池上線","千鳥町",8,62500000
"91",91,"プラウド府中美好町","2018/7",49480000,70480000,"3LDK","3LDK",67.19,80.01,"府中市","美好町１","京王線","府中",12,59980000
"92",92,"Brillia 品川 Canal Side","2018/11",51700000,80900000,"1LDK","1LDK",42.35,70.79,"品川区","北品川１","ＪＲ山手線","品川",10,66300000
"93",93,"クレヴィア東京八丁堀　新川ザ・レジデンス","2019/3",61400000,89500000,"2LDK","2LDK",54.24,72.96,"中央区","新川２","ＪＲ山手線","東京",16,75450000
"94",94,"ブランズシティ久が原","2017/11",62680000,73780000,"3LDK","3LDK",70.65,73,"大田区","鵜の木１","東急池上線","久が原",4,68230000
"95",95,"ドレッセ用賀","2018/3",78900000,78900000,"2LDK+S","2LDK+S",70.04,70.04,"世田谷区","用賀３","東急田園都市線","用賀",8,78900000
"96",99,"ミオカステーロ八王子II","2018/10",22480000,40880000,"3LDK","3LDK",66.15,77.1,"八王子市","八日町","ＪＲ中央線","八王子",13,31680000
"97",100,"パークゲート メイツ 西新井","2017/11",24980000,38380000,"3LDK","3LDK",60.34,75.83,"足立区","西新井３","東武大師線","大師前",13,31680000
"98",101,"ブラントン蔵前","2018/8",28000000,28000000,"1K","1K",26.93,26.93,"台東区","蔵前２","都営浅草線","蔵前",1,2.8e+07
"99",102,"レーベン八王子GRANDSAGE","2018/3",29000000,48000000,"3LDK","3LDK",60.91,74,"八王子市","寺町","ＪＲ中央線","八王子",6,38500000
"100",103,"THEパームス調布マノアーガーデン","2018/12",37000000,58000000,"2LDK+S","4LDK",64.52,83.94,"調布市","多摩川１","京王線","西調布",9,47500000
"101",104,"ガーラ・レジデンス平井","2018/9",43300000,52600000,"3LDK","3LDK",55.18,75.64,"江戸川区","平井５","ＪＲ総武線","平井",4,47950000
"102",105,"ジオ新宿若松町","2018/5",46900000,98300000,"1K","3LDK",35.47,75.75,"新宿区","若松町","都営大江戸線","若松河田",2,72600000
"103",106,"クレストプライムタワー芝","2017/11",54980000,100000000,"1LDK","3LDK",41.32,90.16,"港区","芝１","ＪＲ山手線","浜松町",6,77490000
"104",107,"ジオ四谷","2017/11、2018/4",56800000,100000000,"1LDK","3LDK",46.51,78.74,"新宿区","三栄町","東京メトロ丸ノ内線","四谷三丁目",6,78400000
"105",108,"ソライエ葛飾小菅","2018/10",29000000,46000000,"2LDK","4LDK",58.06,79.05,"葛飾区","小菅１","東武伊勢崎線","小菅",9,37500000
"106",109,"クレヴィア住吉扇橋","2019/3",31000000,67000000,"1LDK","3LDK",35.07,66.08,"江東区","扇橋２","東京メトロ半蔵門線","住吉",7,4.9e+07
"107",110,"ジオ千代田大手町","2019/2",42900000,200000000,"1DK","3LDK",36.04,112.61,"千代田区","内神田１","東京メトロ丸ノ内線","大手町",5,121450000
"108",111,"プライムパークス品川シーサイド ザ・レジデンス","2018/11",54800000,72100000,"2LDK","2LDK",57.61,84.62,"品川区","東大井１","りんかい線","品川シーサイド",5,63450000
"109",112,"ジオ深川住吉","2018/4",57400000,70900000,"2LDK+S","3LDK",67.5,75.89,"江東区","扇橋２","東京メトロ半蔵門線","住吉",5,64150000
"110",113,"Brillia 東中野 Station Front","2018/12",59980000,59980000,"2LDK","2LDK",54.24,54.24,"中野区","東中野２","ＪＲ中央線","東中野",2,59980000
"111",114,"パークコート乃木坂　ザ　タワー","2019/4",80000000,300000000,"1LDK","3LDK",37.49,100.65,"港区","南青山１","東京メトロ千代田線","乃木坂",2,1.9e+08
"112",115,"ザ・パークハウス 五番町","2018/9",100000000,100000000,"2LDK","2LDK",63.85,79.29,"千代田区","五番町４","ＪＲ総武線","市ヶ谷",2,1e+08
"113",116,"シティインデックスときわ台","2017/11",23980000,38980000,"1LDK","1LDK",31.31,47.39,"板橋区","富士見町","東武東上線","中板橋",7,31480000
"114",117,"センチュリー新小岩","2018/3",27000000,47000000,"1LDK+S","4LDK",55.56,78.82,"葛飾区","東新小岩２","ＪＲ総武線","新小岩",15,3.7e+07
"115",118,"BrilliaTower 八王子","2019/1",27900000,52200000,"1LDK","3LDK",40.31,80.82,"八王子市","横山町","ＪＲ中央線","八王子",4,40050000
"116",119,"グローベル ザ・高円寺プレミアム","2017/11",28980000,28980000,"1K","1K",25.11,25.11,"杉並区","高円寺南４","ＪＲ中央線","高円寺",5,28980000
"117",120,"ルネ八王子トレーシア","2019/2",29000000,46000000,"3LDK","3LDK",68.11,80.34,"八王子市","八日町","ＪＲ中央線","八王子",10,37500000
"118",121,"ウィルローズ王子","2018/7",29900000,59500000,"1LDK","3LDK",35.74,68.47,"北区","王子２","ＪＲ京浜東北線","王子",7,44700000
"119",122,"シティハウス八王子北野ステーションコート","2018/2",30980000,40980000,"2LDK","3LDK",55.09,70.03,"八王子市","打越町","京王線","北野",4,35980000
"120",123,"リビオ多摩川","2017/12",31880000,58780000,"1LDK","3LDK",33.75,72.49,"大田区","矢口３","東急多摩川線","矢口渡",6,45330000
"121",124,"サンクレイドル上野II","2018/3",32280000,58880000,"1DK","2LDK",32.95,53.44,"台東区","東上野５","ＪＲ山手線","上野",5,45580000
"122",125,"リストレジデンス王子","2017/11",33900000,43800000,"1LDK","2LDK",39.36,47.18,"北区","豊島１","東京メトロ南北線","王子",5,38850000
"123",126,"シティテラスひばりが丘","2017/11",33980000,39980000,"3LDK","3LDK",67.61,70.15,"西東京市","ひばりが丘３","西武池袋線","ひばりヶ丘",18,36980000
"124",127,"アデニウム ザ・オアシスガーデン","2017/11",33980000,40880000,"3LDK","3LDK",64.09,75.14,"葛飾区","新宿３","京成本線","京成高砂",15,37430000
"125",128,"イニシア西新井","2018/3",34000000,49000000,"2LDK+S","2LDK+S",71.42,86.17,"足立区","島根４","東武伊勢崎線","西新井",9,41500000
"126",129,"ミオカステーロ東日暮里","2017/11中",34000000,34000000,"1LDK+S","1LDK+S",55.02,55.02,"荒川区","東日暮里２","東京メトロ日比谷線","三ノ輪",9,3.4e+07
"127",130,"プレサンス ロジェ 熊野前","2018/1",34000000,47000000,"2LDK+S","2LDK+S",68.64,68.64,"荒川区","東尾久６","東京メトロ千代田線","町屋",15,40500000
"128",131,"シティハウス東麻布","2017/11",34900000,79900000,"1K","2LDK",25.38,55.27,"港区","東麻布１","都営大江戸線","赤羽橋",4,57400000
"129",132,"リビオ中野坂上パークフロント","2017/11",34980000,34980000,"1LDK","1LDK",36.37,36.37,"中野区","中央２","東京メトロ丸ノ内線","中野坂上",8,34980000
"130",133,"ソルフィエスタ亀戸ルシーア","2018/6",34990000,42990000,"2LDK+S","3LDK",60.25,61.47,"墨田区","立花３","ＪＲ総武線","亀戸",13,38990000
"131",134,"アーデル曳舟マークイースト","2017/11",35800000,37700000,"2LDK+S","3LDK",65.01,66.63,"墨田区","八広３","京成押上線","京成曳舟",11,36750000
"132",135,"サンクレイドル平井","2018/10",35900000,57000000,"2LDK","2LDK",55.6,72,"江戸川区","平井６","ＪＲ総武線","平井",4,46450000
"133",136,"ベルフール篠崎アラーナ","2018/3",36000000,53000000,"3LDK","3LDK",60.19,74.34,"江戸川区","篠崎町２","都営新宿線","篠崎",6,44500000
"134",137,"ザ府中ハウス","2017/11末",36900000,36900000,"2LDK+S","2LDK+S",65.88,65.88,"府中市","八幡町２","京王線","府中",7,36900000
"135",138,"シティハウス目黒ザ・ツイン","2018/4",36980000,75980000,"1R","2LDK",25.73,58.1,"目黒区","下目黒２","ＪＲ山手線","目黒",9,56480000
"136",139,"フェアシス八王子新町","2017/11",36980000,36980000,"3LDK","3LDK",75.64,75.64,"八王子市","新町","京王線","京王八王子",5,36980000
"137",140,"ベルジュール東府中IIIステーションサイド","2017/12",37980000,49680000,"3LDK","4LDK",62.37,71.61,"府中市","清水が丘１","京王線","東府中",2,43830000
"138",141,"グローベル ザ・国分寺クリスタ","2017/11",37980000,46280000,"1LDK","1LDK",35.47,35.47,"国分寺市","本町３","ＪＲ中央線","国分寺",5,42130000
"139",142,"シティテラス府中緑町","2018/4",37980000,54980000,"2LDK+S","4LDK",70.2,78.36,"府中市","緑町３","京王線","東府中",4,46480000
"140",143,"リビオ文京茗荷谷","2017/11",38900000,77100000,"1LDK","1LDK",39.47,39.47,"文京区","千石２","都営三田線","千石",10,5.8e+07
"141",144,"イニシア日野","2018/3",39000000,48000000,"2LDK+S","2LDK+S",72.05,75.46,"日野市","新町１","ＪＲ中央線","日野",2,43500000
"142",145,"アーデル立石ワンズプレイス","2017/12",39500000,39500000,"2LDK+S","2LDK+S",64.58,64.58,"葛飾区","立石３","京成押上線","京成立石",6,39500000
"143",146,"オープンレジデンシア桜新町テラス","2018/7",39780000,71480000,"1LDK","3LDK",36.84,62.37,"世田谷区","弦巻４","東急田園都市線","桜新町",7,55630000
"144",147,"品川イーストシティタワー","2019/4",39800000,79800000,"1LDK","3LDK",41.65,70.18,"品川区","東品川５","東京モノレール","天王洲アイル",5,59800000
"145",148,"プレシス葛西ルジュール","2017/12",39900000,56400000,"2LDK+S","2LDK+S",64.64,74.34,"江戸川区","中葛西５","東京メトロ東西線","葛西",7,48150000
"146",149,"グローベルタワー梅島","2017/11",39980000,49680000,"3LDK","3LDK",58.17,58.17,"足立区","梅島３","東武伊勢崎線","梅島",2,44830000
"147",150,"サンクレイドル目黒林試の森","2017/11",39990000,59980000,"1LDK","2LDK",40.48,53.12,"目黒区","下目黒５","東急目黒線","武蔵小山",10,49985000
"148",151,"プレミアムレジデンス日暮里雅苑","2018/5",41880000,57080000,"1LDK","1LDK",40.02,55.01,"荒川区","東日暮里６","ＪＲ山手線","日暮里",5,49480000
"149",152,"オープンレジデンシア中野坂上テラス","2018/9末",42980000,61880000,"1LDK","3LDK",37.15,60.8,"中野区","東中野１","東京メトロ丸ノ内線","中野坂上",7,52430000
"150",153,"ヴィークコート豊田","2017/11",43000000,53000000,"3LDK","4LDK",71,80.81,"日野市","東豊田３","ＪＲ中央線","豊田",6,4.8e+07
"151",154,"プレシス東陽町","2017/11",43900000,51600000,"2LDK","3LDK",47.93,65.42,"江東区","千石３","東京メトロ東西線","東陽町",12,47750000
"152",155,"リーフィアレジデンス狛江 和泉本町","2017/11",43980000,54980000,"2LDK","3LDK",62.1,75.4,"狛江市","和泉本町１","小田急線","狛江",9,49480000
"153",156,"オープンレジデンシア中野 平和の森公園","2018/8",44000000,53000000,"2LDK","3LDK",57.84,71.19,"中野区","野方２","ＪＲ中央線","中野",17,48500000
"154",157,"グローリオ コンフォート文京本駒込","2018/4",44200000,63100000,"1LDK","1LDK",36.29,53.29,"文京区","本駒込５","ＪＲ山手線","駒込",6,53650000
"155",158,"グローリオ武蔵関","2017/11",44800000,44800000,"3LDK","3LDK",67.13,67.13,"練馬区","関町北２","西武新宿線","武蔵関",5,44800000
"156",159,"リビオ人形町 日本橋浜町グリーンテラス","2017/11",44800000,44800000,"1LDK","1LDK",46.37,46.37,"中央区","日本橋浜町２","東京メトロ半蔵門線","水天宮前",5,44800000
"157",160,"ヴィークコート吉祥寺通り","2018/3",45480000,59980000,"2LDK","4LDK",56.54,80.27,"練馬区","立野町","ＪＲ中央線","吉祥寺",31,52730000
"158",161,"アビダス西国分寺","2017/11",45980000,45980000,"3LDK","3LDK",70.04,70.04,"国分寺市","西恋ヶ窪４","ＪＲ中央線","西国分寺",9,45980000
"159",162,"シティタワー金町","2017/11",45980000,69900000,"3LDK","4LDK",63.04,84.41,"葛飾区","新宿６","ＪＲ常磐線","金町",12,57940000
"160",163,"プライムスタイル東日本橋","2018/3",46880000,100000000,"1LDK","3LDK",40.81,80.15,"中央区","東日本橋３","都営浅草線","東日本橋",1,73440000
"161",164,"ヴァースクレイシア銀座東","2017/11",46900000,49000000,"1LDK","1LDK",45.36,45.36,"中央区","新富２","東京メトロ有楽町線","新富町",2,47950000
"162",165,"ウエリス千代田東神田","2018/9",47700000,84800000,"1LDK","1LDK",42.47,71.77,"千代田区","東神田２","ＪＲ総武線快速","馬喰町",4,66250000
"163",166,"シティテラス東陽町","2017/11",47900000,79980000,"2LDK","4LDK",54.88,83.59,"江東区","東陽２","東京メトロ東西線","東陽町",5,63940000
"164",167,"ガーデンコート多摩センター","2017/11",49580000,69880000,"3LDK","4LDK",67.45,85.87,"多摩市","落合１","小田急多摩線","小田急多摩センター",6,59730000
"165",168,"アネシア東京尾久","2018/10",49800000,61700000,"3LDK","3LDK",65.79,69.34,"北区","昭和町２","ＪＲ高崎線","尾久",2,55750000
"166",169,"ルフォン浅草橋","2018/3",49900000,49900000,"2LDK","2LDK",58.32,58.32,"台東区","浅草橋３","都営浅草線","浅草橋",5,49900000
"167",170,"パークホームズ品川大井","2017/11",52000000,94880000,"2LDK","4LDK",59,88.31,"品川区","大井７","ＪＲ京浜東北線","大森",11,73440000
"168",171,"ガーラ・レジデンス南馬込","2018/2",52000000,52000000,"2LDK","2LDK",55.18,55.18,"大田区","南馬込１","都営浅草線","馬込",7,5.2e+07
"169",172,"パークホームズ落合南長崎","2017/128日",52900000,56900000,"3LDK","3LDK",67.93,74.69,"豊島区","南長崎２","都営大江戸線","落合南長崎",9,54900000
"170",173,"シティテラス大森西","2017/11",52980000,59980000,"3LDK","3LDK",64.61,67.83,"大田区","大森西４","ＪＲ京浜東北線","蒲田",15,56480000
"171",174,"サンクレイドル学芸大学　","2017/11",52980000,82980000,"1LDK+S","3LDK",53.71,70.21,"世田谷区","野沢３","東急東横線","学芸大学",13,67980000
"172",175,"ザ・パークハウス 亀戸","2018/1",53980000,55480000,"3LDK","3LDK",72.06,72.06,"江東区","亀戸７","ＪＲ総武線","亀戸",9,54730000
"173",176,"サンクレイドル御苑内藤町","2018/4",54800000,79400000,"1LDK","1LDK",44.08,44.08,"新宿区","内藤町","東京メトロ丸ノ内線","新宿御苑前",6,67100000
"174",177,"ヴィークステージ練馬豊玉","2017/11",54900000,54900000,"3LDK","3LDK",71.28,71.28,"練馬区","豊玉中４","西武池袋線","練馬",11,54900000
"175",178,"レ・ジェイド 駒込","2017/11",55980000,55980000,"2LDK","2LDK",60.11,60.11,"北区","西ケ原１","ＪＲ山手線","駒込",6,55980000
"176",179,"オープンレジデンシア表参道神宮前ザ・ハウス","2018/9",56300000,100000000,"1R","3LDK※1R=Studio",30.25,80.17,"渋谷区","神宮前３","東京メトロ銀座線","表参道",5,78150000
"177",180,"ブランズ国立","2017/11",56980000,100000000,"2LDK","4LDK",65.12,91.07,"国立市","東２","ＪＲ中央線","国立",7,78490000
"178",181,"シティタワー品川パークフロント","2019/4",58500000,66200000,"3LDK","3LDK",65.05,70.37,"品川区","南大井２","京急本線","大森海岸",5,62350000
"179",182,"ランドステージ文京千石","2017/11",58800000,58800000,"2LDK+S","2LDK+S",60.86,60.86,"文京区","千石２","都営三田線","千石",7,58800000
"180",183,"DEUX TOURS","2017/11",59800000,100000000,"2LDK","3LDK",55.77,100.01,"中央区","晴海３","都営大江戸線","勝どき",9,79900000
"181",184,"デュフレ渋谷本町","2018/3末",59900000,64800000,"2LDK+S","2LDK+S",67.75,67.75,"渋谷区","本町６","京王新線","幡ヶ谷",10,62350000
"182",185,"プロスタイル学芸大学","2017/12、2017/11",59980000,59980000,"2LDK","2LDK",55.57,55.57,"目黒区","碑文谷４","東急東横線","学芸大学",11,59980000
"183",186,"シティタワー調布南ステーションコート","2018/4",59980000,66980000,"3LDK","3LDK",67.54,67.54,"調布市","布田４","京王線","調布",4,63480000
"184",187,"ザ・パークハウス 日本橋大伝馬町","2018/9",60380000,100000000,"1LDK","3LDK",54.37,70.78,"中央区","日本橋大伝馬町","東京メトロ日比谷線","小伝馬町",4,80190000
"185",188,"シティタワー目黒","2017/11",61800000,100000000,"1LDK","3LDK",40.38,72.15,"品川区","西五反田３","東急目黒線","不動前",4,80900000
"186",189,"シティハウス吉祥寺北町","2018/4",61900000,95900000,"2LDK+S ","2LDK+S ",67.68,80.09,"武蔵野市","吉祥寺北町４","ＪＲ中央線","吉祥寺",47,78900000
"187",190,"シティテラス品川イースト","2017/11",63800000,68800000,"3LDK","3LDK",67.02,67.02,"品川区","東品川５","東京モノレール","天王洲アイル",3,66300000
"188",191,"リーフィアレジデンス 世田谷砧","2017/11",64080000,76080000,"3LDK","3LDK",70.98,78.9,"世田谷区","砧４","小田急線","祖師ヶ谷大蔵",11,70080000
"189",192,"サンウッド代々木西参道","2017/11",64780000,86380000,"1LDK","3LDK",53.98,68.28,"渋谷区","代々木３","都営大江戸線","新宿",9,75580000
"190",193,"シティハウス用賀砧公園","2017/11",64900000,64900000,"3LDK","3LDK",75.32,75.32,"世田谷区","瀬田５","東急田園都市線","用賀",14,64900000
"191",194,"シティテラス杉並方南町","2018/4",64980000,86980000,"1LDK+2S","3LDK",65.46,70.45,"杉並区","方南２","東京メトロ丸ノ内線","方南町",1,75980000
"192",195,"シティハウス笹塚レジデンス","2017/11",64980000,82980000,"3LDK","3LDK",67.18,75.16,"中野区","南台２","京王線","笹塚",12,73980000
"193",196,"イニシア池上","2018/4",65000000,87000000,"2LDK","3LDK",81,83,"大田区","池上４","東急池上線","池上",7,7.6e+07
"194",197,"シティテラス荻窪","2017/11",65980000,70980000,"3LDK","3LDK",67.8,70.06,"杉並区","荻窪３","ＪＲ中央線","荻窪",13,68480000
"195",198,"ザ・パークハウス 練馬美術の森","2017/11",67880000,67880000,"3LDK","3LDK",72.29,72.29,"練馬区","貫井１","西武池袋線","中村橋",2,67880000
"196",199,"シティハウス四谷坂町","2019/4",69900000,94900000,"1LDK+S ","1LDK+S ",55.07,76.05,"新宿区","四谷坂町","都営新宿線","曙橋",5,82400000
"197",200,"グラン レ・ジェイド若松町レジデンス","2017/11",74680000,100000000,"2LDK","2LDK",57.33,83.43,"新宿区","若松町","都営大江戸線","若松河田",3,87340000
"198",201,"シティハウス広尾南","2017/11",74800000,100000000,"1LDK+S","3LDK",54.79,78.24,"渋谷区","恵比寿３","東京メトロ日比谷線","広尾",10,87400000
"199",202,"シティハウス月島駅前レジデンスコート","2017/11",74800000,74800000,"3LDK","3LDK",66.12,66.12,"中央区","月島２","東京メトロ有楽町線","月島",1,74800000
"200",203,"シティハウス中目黒レジデンス","2017/12",79800000,89800000,"2LDK","3LDK",55.51,71.34,"目黒区","中目黒４","東急東横線","中目黒",12,84800000
"201",204,"ザ・パークハウス 東日本橋","2018/2",81900000,92100000,"2LDK","2LDK",70.42,75.78,"中央区","東日本橋２","都営浅草線","東日本橋",4,8.7e+07
"202",205,"パークホームズ二子玉川 彩翠邸","2017/11",82900000,82900000,"3LDK","3LDK",77.73,77.73,"世田谷区","瀬田４","東急田園都市線","二子玉川",14,82900000
"203",206,"プレミスト日本橋浜町公園","2017/11",86700000,100000000,"2LDK","2LDK",70.09,83.17,"中央区","日本橋浜町２","都営新宿線","浜町",2,93350000
"204",207,"THE GRAND MILLENNIA TOWER&SUITE","2017/12",99800000,99800000,"2LDK","2LDK",56.13,56.13,"豊島区","南池袋１","ＪＲ山手線","池袋",6,99800000
"205",208,"シティタワー・ルフォン九段の杜","2019/3",99900000,100000000,"2LDK","2LDK",70.04,82.21,"千代田区","九段北４","都営新宿線","市ヶ谷",5,99950000
"206",209,"スカイフォレストレジデンス","2017/11",100000000,100000000,"2LDK","2LDK",68.15,73.45,"新宿区","大久保３","ＪＲ山手線","高田馬場",6,1e+08
"207",210,"Brillia 一之江","2018/8",37680000,49880000,"1LDK","2LDK+S",41.35,72.24,"江戸川区","一之江","都営新宿線","一之江",2,43780000
"208",211,"Brillia新川一丁目","2019/2",52000000,65000000,"2LDK","2LDK",55.21,57.01,"中央区","新川１","東京メトロ東西線","茅場町",9,58500000
"209",212,"ヴィークコート立川","2018/9",52880000,69980000,"3LDK","3LDK",70.26,70.26,"立川市","錦町１","ＪＲ中央線","立川",9,61430000
"210",213,"プレミスト府中","2018/3、2018/3",54900000,54900000,"3LDK","3LDK",70.1,70.1,"府中市","府中町２","京王線","府中",3,54900000
"211",214,"ザ・サンメゾン西大井金子山エルド","2017/11",56400000,88800000,"1LDK+S","3LDK",61.08,85.72,"品川区","西大井４","ＪＲ京浜東北線","大森",14,72600000
"212",215,"ブランズ南荻窪","2018/3",57500000,100000000,"1LDK+2S","4LDK",59.66,99.15,"杉並区","南荻窪３","ＪＲ中央線","荻窪",11,78750000
"213",216,"リムテラスアルファ学芸大学","2017/11",65900000,65900000,"2LDK+S","2LDK+S",86.05,86.05,"世田谷区","下馬６","東急東横線","学芸大学",11,65900000
"214",217,"THE CONOE＜一番町＞","2017/11",98000000,100000000,"1LDK+S","1LDK+S",56.54,78.32,"千代田区","一番町","東京メトロ半蔵門線","半蔵門",2,9.9e+07
"215",218,"パークコート浜離宮ザ　タワー","2019/9",100000000,300000000,"2LDK","2LDK",68.12,119.16,"港区","浜松町１","ＪＲ山手線","浜松町",5,2e+08
"216",223,"レーベン多摩センターBeaut","2018/3末",24000000,53000000,"2LDK","4LDK",60.73,112.44,"八王子市","松が谷","京王相模原線","京王多摩センター",15,38500000
"217",224,"フェルクルールプレスト豊田","2018/1、2017/12",29000000,36000000,"2LDK","2LDK",55.44,56.65,"日野市","豊田２","ＪＲ中央線","豊田",6,32500000
"218",225,"ライオンズ早稲田ミレス","2018/223日",29000000,73000000,"1K","2LDK",25,55.01,"新宿区","西早稲田１","東京メトロ東西線","早稲田",7,5.1e+07
"219",226,"ブランシエラ東京三ノ輪","2018/3",29280000,54980000,"1DK","3LDK",30.42,68.07,"荒川区","南千住１","東京メトロ日比谷線","三ノ輪",4,42130000
"220",227,"Raffine Vierte","2017/11",29900000,58500000,"1LDK","2LDK+S",45.72,77.43,"江戸川区","東小岩６","ＪＲ総武線","小岩",5,44200000
"221",228,"サンクレイドル西東京","2018/8",29980000,53980000,"2LDK","4LDK",59.09,77.74,"西東京市","芝久保町２","西武新宿線","田無",13,41980000
"222",229,"ザ・グローベル南大塚","2018/3",29980000,68780000,"1K","3LDK",26.53,60.28,"豊島区","南大塚３","ＪＲ山手線","大塚",4,49380000
"223",230,"ベルジュール昭和記念公園","2018/4",31900000,40200000,"2LDK","2LDK",54.18,61.62,"昭島市","東町２","ＪＲ青梅線","西立川",4,36050000
"224",231,"ヴェレーナ綾瀬","2018/3",32000000,32000000,"3LDK","3LDK",69.03,69.03,"足立区","綾瀬７","東京メトロ千代田線","北綾瀬",7,3.2e+07
"225",232,"シティタワーズ東京ベイ","2020/4",34900000,86900000,"1LDK","3LDK",43.1,80.74,"江東区","有明２","りんかい線","国際展示場",4,60900000
"226",233,"エクセレントシティ目白","2017/12",34980000,51680000,"1LDK","1LDK+S",30.25,40.89,"新宿区","下落合２","ＪＲ山手線","目白",7,43330000
"227",234,"デュオヴェール目黒学芸大学","2018/2",35980000,42980000,"1LDK","1LDK",31.04,34.06,"目黒区","目黒本町１","東急東横線","学芸大学",12,39480000
"228",235,"オープンレジデンシア新中野","2018/9末",36000000,59000000,"1LDK","3LDK",32.58,63.89,"中野区","本町６","東京メトロ丸ノ内線","新中野",6,47500000
"229",236,"シティインデックス神田","2017/11",36900000,71100000,"1LDK","2LDK",32.09,56.17,"千代田区","岩本町２","ＪＲ山手線","神田",6,5.4e+07
"230",237,"シティテラス小金井公園","2018/6",36980000,55980000,"3LDK","4LDK",70.79,87.74,"小平市","花小金井南町１","ＪＲ中央線","武蔵小金井",34,46480000
"231",238,"レーベン浅草AYAGINU","2019/2末",37000000,62000000,"1LDK","2LDK",37.85,61.09,"台東区","西浅草３","つくばエクスプレス","浅草",3,49500000
"232",239,"ミオカステーロ府中町","2017/11",37800000,37800000,"2LDK+S","2LDK+S",64.83,64.83,"府中市","府中町３","京王線","府中",8,37800000
"233",240,"セイガステージ大泉学園","2017/11",37980000,37980000,"3LDK","3LDK",60.38,60.38,"練馬区","東大泉２","西武池袋線","大泉学園",12,37980000
"234",241,"サンクレイドル北赤羽","2018/9",37980000,55980000,"2LDK+S","2LDK+S",63.72,70.87,"北区","浮間３","ＪＲ埼京線","北赤羽",5,46980000
"235",242,"プレシス田端","2018/12",38900000,56700000,"2LDK","3LDK",56.7,72.64,"荒川区","西尾久４","ＪＲ山手線","田端",13,47800000
"236",243,"ガーラ・レジデンス亀戸セントラルパーク","2019/2",39000000,61000000,"3LDK","3LDK",55.25,75.71,"江東区","亀戸７","ＪＲ総武線","亀戸",14,5e+07
"237",244,"グラン レ・ジェイド御茶ノ水","2018/9",39000000,100000000,"1LDK","3LDK",35.81,107.03,"文京区","湯島２","ＪＲ中央線","御茶ノ水",7,69500000
"238",245,"ミオカステーロ成増II","2018/1",39980000,51980000,"2LDK+S","2LDK+S",63.6,74.26,"板橋区","成増４","東武東上線","成増",11,45980000
"239",246,"ガーデングラス御茶ノ水","2017/11",42880000,52380000,"1LDK","1LDK",35.09,45.21,"文京区","湯島２","ＪＲ中央線","御茶ノ水",7,47630000
"240",247,"プレシス文京江戸川橋","2018/2",43880000,63580000,"1LDK","1LDK",40.4,53.04,"文京区","水道２","東京メトロ有楽町線","江戸川橋",2,53730000
"241",248,"ブラントン神楽坂","2018/3",43980000,89980000,"1LDK","3LDK",34.05,70.05,"新宿区","東五軒町","東京メトロ東西線","神楽坂",5,66980000
"242",249,"シティタワー八王子フレシア","2018/12",44980000,85980000,"2LDK","3LDK",54.23,80,"八王子市","旭町","ＪＲ中央線","八王子",2,65480000
"243",250,"リストレジデンス上野黒門町","2017/11",47980000,74280000,"1LDK","1LDK",38.95,38.95,"台東区","上野１","東京メトロ千代田線","湯島",2,61130000
"244",251,"ウィルローズ田端","2017/11",49700000,55700000,"1LDK+S","3LDK",60.61,60.61,"北区","田端新町２","ＪＲ山手線","田端",8,52700000
"245",252,"勝どきビュータワー","2017/11",54980000,100000000,"1LDK","3LDK",48.98,79.06,"中央区","勝どき１","都営大江戸線","勝どき",1,77490000
"246",253,"リムテラス文京白山","2018/3",55800000,73800000,"1LDK+S","3LDK",66.26,83.21,"文京区","白山５","都営三田線","白山",1,64800000
"247",254,"センチュリー荻窪","2017/11",56400000,66500000,"2LDK","3LDK",54.95,65.4,"杉並区","荻窪２","ＪＲ中央線","荻窪",10,61450000
"248",255,"シティタワー国分寺 ザ・ツイン　ウエスト／イースト","2018/6末",64980000,81980000,"2LDK","3LDK",55.99,71.12,"国分寺市","本町３","ＪＲ中央線","国分寺",1,73480000
"249",256,"プラウドシティ阿佐ヶ谷","2017/11",76880000,100000000,"3LDK","3LDK",73.53,110.4,"杉並区","成田東４","東京メトロ丸ノ内線","南阿佐ヶ谷",7,88440000
"250",257,"サンウッド赤坂丹後町","2017/11",86180000,97080000,"2LDK","2LDK",56.84,56.84,"港区","赤坂４","東京メトロ銀座線","赤坂見附",6,91630000
"251",258,"ライオンズ東京三ノ輪ミレス","2019/227日",24000000,49000000,"1K","2LDK",25.02,50.1,"台東区","日本堤２","東京メトロ日比谷線","三ノ輪",6,36500000
"252",259,"デュオヴェール浅草WEST","2018/1",32980000,38980000,"1LDK","1LDK",33.01,40.04,"台東区","松が谷１","東京メトロ銀座線","田原町",5,35980000
"253",260,"パークホームズ千代田淡路町　","2019/2",34000000,100000000,"1K","3LDK",25.24,88.43,"千代田区","神田須田町１","東京メトロ丸ノ内線","淡路町",3,6.7e+07
"254",261,"オーベル稲城南山","2018/3",34000000,48000000,"3LDK","3LDK",67.9,84.69,"稲城市","百村","京王相模原線","稲城",8,4.1e+07
"255",262,"グレイシャス糀谷","2018/2",36000000,72000000,"2LDK","4LDK",48.5,95.83,"大田区","萩中２","京急空港線","糀谷",4,5.4e+07
"256",263,"プレミストひばりが丘","2018/3",36890000,45790000,"3LDK","3LDK",63.02,76.5,"西東京市","ひばりが丘３","西武池袋線","ひばりヶ丘",18,41340000
"257",264,"サンクレイドルひばりが丘","2017/12",36900000,53900000,"3LDK","3LDK",68.59,80.09,"西東京市","谷戸町２","西武池袋線","ひばりヶ丘",12,45400000
"258",265,"センチュリーひばりが丘 コンフォートアリーナ","2019/3",39900000,54700000,"3LDK","3LDK",65.2,72.21,"西東京市","ひばりが丘北３","西武池袋線","ひばりヶ丘",4,47300000
"259",266,"リビオ氷川台","2018/10",42000000,70000000,"2LDK","3LDK",54.16,80.22,"練馬区","羽沢３","東京メトロ有楽町線","氷川台",9,5.6e+07
"260",267,"リムテラスコート経堂","2017/11",47800000,47800000,"2LDK+S","2LDK+S",85.8,85.8,"世田谷区","船橋５","小田急線","経堂",13,47800000
"261",268,"ティサージュ荻窪","2018/3",49000000,79000000,"2LDK","3LDK",56.12,68.97,"杉並区","上荻２","ＪＲ中央線","荻窪",12,6.4e+07
"262",269,"パークホームズ北千住 アドーア","2019/3末",49000000,63000000,"1LDK","2LDK",47.15,65.51,"足立区","千住３","東京メトロ日比谷線","北千住",5,5.6e+07
"263",270,"ディアナコート文京本郷台","2017/11",53800000,100000000,"1LDK","3LDK",43.11,81.36,"文京区","湯島３","東京メトロ千代田線","湯島",2,76900000
"264",271,"ブランズ二子玉川テラス","2019/3",55900000,200000000,"2LDK","4LDK",54.55,127.2,"世田谷区","玉川２","東急田園都市線","二子玉川",6,127950000
"265",272,"Brillia 品川戸越 Parks","2018/12",58900000,79900000,"2LDK","2LDK",57.01,72.62,"品川区","戸越４","東急大井町線","戸越公園",4,69400000
"266",273,"リムテラス駒込","2018/3末",59800000,68800000,"2LDK+S","2LDK+S",80.12,84.05,"豊島区","駒込３","ＪＲ山手線","駒込",3,64300000
"267",274,"プラウド府中セントラル","2018/3",61980000,69980000,"3LDK","3LDK",73.88,80.88,"府中市","府中町２","京王線","府中",3,65980000
"268",275,"アトラス西麻布","2017/11",64900000,100000000,"1LDK","3LDK",42.66,82.26,"港区","西麻布４","東京メトロ日比谷線","広尾",7,82450000
"269",276,"プラウドシティ武蔵野三鷹","2018/3",65580000,82980000,"3LDK","3LDK",73.27,78.07,"武蔵野市","中町３","ＪＲ中央線","三鷹",10,74280000
"270",277,"GREEN PARK東日本橋一丁目","2018/6",66200000,80200000,"3LDK","3LDK",68.23,75.08,"中央区","東日本橋１","ＪＲ山手線","東京",28,73200000
"271",278,"パークホームズ山王二丁目 ザ レジデンス","2018/4",67000000,100000000,"2LDK","4LDK",59.02,110.39,"大田区","山王２","ＪＲ京浜東北線","大森",3,83500000
"272",279,"ザ・パークハウス 麻布外苑西通り","2018/4",74900000,200000000,"1LDK","3LDK",50.03,119.57,"港区","西麻布２","東京メトロ銀座線","表参道",11,137450000
"273",280,"パークコート代々木初台　","2017/12",75000000,75000000,"2LDK","2LDK",64.14,64.14,"渋谷区","初台２","京王新線","初台",8,7.5e+07
"274",281,"グランデバンセ 御殿山 ザ・レジデンス","2018/4末",79500000,200000000,"1LDK","4LDK",54.52,117.76,"品川区","北品川５","ＪＲ山手線","大崎",5,139750000
"275",282,"プラウド府中ステーションアリーナ","2017/11",83400000,83400000,"3LDK+N+WIC","3LDK+N+WIC",78.41,78.41,"府中市","宮町１","京王線","府中",1,83400000
"276",283,"プラウド上鷺宮","2018/2",87400000,87400000,"4LDK","4LDK",86.47,86.47,"中野区","上鷺宮１","西武新宿線","鷺ノ宮",6,87400000
"277",284,"THE 千代田麹町 TOWER","2019/2",92500000,500000000,"2LDK","2LDK",53.37,155.1,"千代田区","麹町３","東京メトロ有楽町線","麹町",1,296250000
"278",285,"アネシア築地 ステーションレジデンス","2019/3",99100000,100000000,"2LDK","2LDK",66.41,83.5,"中央区","築地３","東京メトロ日比谷線","築地",1,99550000
"279",286,"ザ・パークハウス 本郷","2019/1",100000000,100000000,"3LDK","3LDK",86.68,86.68,"文京区","本郷１","東京メトロ丸ノ内線","本郷三丁目",7,1e+08
"280",287,"ブランズ永田町","2019/3",100000000,600000000,"2LDK","3LDK",81.53,178.34,"千代田区","永田町２","東京メトロ半蔵門線","永田町",3,3.5e+08
"281",288,"ブランズ渋谷常盤松","2017/11",100000000,100000000,"2LDK","2LDK",91.76,91.76,"渋谷区","東４","ＪＲ山手線","渋谷",14,1e+08
"282",289,"パークコート一番町　","2019/1",100000000,100000000,"3LDK","3LDK",95.34,95.34,"千代田区","一番町","東京メトロ半蔵門線","半蔵門",3,1e+08
"283",290,"グランドヒルズ元麻布","2018/4",100000000,100000000,"1LDK","1LDK",76.94,76.94,"港区","元麻布３","東京メトロ南北線","麻布十番",4,1e+08
"284",291,"プラウド六本木","2017/12",300000000,300000000,"3LDK","3LDK",158.24,158.24,"港区","六本木４","都営大江戸線","六本木",4,3e+08
"285",295,"ライオンズ竹ノ塚ブロッサムシティ","2017/11",26700000,45800000,"3LDK","3LDK",65.22,80.64,"足立区","西保木間２","東武伊勢崎線","竹ノ塚",17,36250000
"286",296,"エクセレントシティ府中駅前","2017/12",27980000,37780000,"1DK","1DK",33.09,36.87,"府中市","寿町１","京王線","府中",2,32880000
"287",297,"プレシス池上アベニュー","2018/8",29900000,57400000,"1LDK","3LDK",37.09,68.51,"大田区","池上４","東急池上線","池上",8,43650000
"288",298,"プレシス葛西ルヴェール","2017/11",29900000,52900000,"1LDK+S","3LDK",44.63,68.44,"江戸川区","東葛西７","東京メトロ東西線","葛西",7,41400000
"289",299,"クリオ ラベルヴィ赤羽東","2019/3",32920000,45840000,"1LDK","1LDK",32.52,54.26,"北区","志茂３","東京メトロ南北線","志茂",1,39380000
"290",300,"プレシス多摩永山レヴィエ","2017/11",34900000,42300000,"3LDK","4LDK",72.76,80.34,"多摩市","諏訪４","京王相模原線","京王永山",12,38600000
"291",301,"エクセレントシティ田端","2018/7",35000000,47000000,"2LDK","3LDK",55.2,67.3,"荒川区","東尾久５","ＪＲ山手線","田端",16,4.1e+07
"292",302,"ウエリス国立","2017/11",38000000,59900000,"3LDK","3LDK",81.12,95.54,"国立市","西２","ＪＲ南武線","矢川",10,48950000
"293",303,"プレシス府中","2017/11",39800000,51400000,"2LDK","2LDK",61.11,61.11,"府中市","八幡町１","京王線","府中",7,45600000
"294",304,"リビオ荻窪レジデンス","2018/7",45000000,59000000,"2LDK+S","2LDK+S",62.32,77.2,"杉並区","南荻窪１","ＪＲ中央線","荻窪",15,5.2e+07
"295",305,"プレシス調布ヶ丘","2017/11",47300000,56900000,"2LDK+S","2LDK+S",64.68,70.31,"調布市","調布ケ丘３","京王線","調布",13,52100000
"296",306,"ウエリス町田中町","2018/2",47480000,58980000,"3LDK","3LDK",66.27,72.11,"町田市","中町１","小田急線","町田",8,53230000
"297",307,"プレシス芦花公園","2017/11",51700000,60500000,"3LDK","3LDK",63.58,83.2,"杉並区","上高井戸１","京王線","芦花公園",8,56100000
"298",308,"プレシス武蔵境","2017/11",54800000,87900000,"3LDK","3LDK",67.84,104.96,"武蔵野市","境南町１","ＪＲ中央線","武蔵境",14,71350000
"299",309,"クレストフォルム大井町サウステラス","2017/11",54980000,54980000,"1LDK+S","1LDK+S",58.51,58.51,"品川区","南大井５","ＪＲ京浜東北線","大井町",14,54980000
"300",310,"クレストタワー品川シーサイド","2017/11",55980000,89980000,"2LDK","3LDK",60.27,85.19,"品川区","東大井１","りんかい線","品川シーサイド",3,72980000
"301",311,"アウルタワー","2017/11",57980000,100000000,"2LDK","3LDK",47.4,80.18,"豊島区","東池袋４","東京メトロ有楽町線","東池袋",2,78990000
"302",312,"クリオ日本橋久松町","2019/1",67320000,88780000,"2LDK+S","2LDK+S",60.48,60.48,"中央区","日本橋久松町","東京メトロ日比谷線","人形町",6,78050000
"303",313,"アトラス代々木上原","2017/11",100000000,100000000,"3LDK","3LDK",80.11,80.11,"渋谷区","上原２","東京メトロ千代田線","代々木上原",10,1e+08
"304",314,"グランドメゾン西原三丁目","2018/7",200000000,200000000,"3LDK","3LDK",104.88,104.88,"渋谷区","西原３","小田急線","代々木上原",4,2e+08
"305",315,"オーベル板橋本町","2019/3",47980000,61980000,"2LDK+S","4LDK",70.36,84.92,"板橋区","稲荷台","都営三田線","板橋本町",8,54980000
"306",316,"リムテラス世田谷等々力","2017/11",53000000,53000000,"2LDK+S","2LDK+S",78.51,78.51,"世田谷区","等々力７","東急大井町線","尾山台",13,5.3e+07
"307",317,"自由が丘マンションプロジェクト","2018/11",61500000,81100000,"2LDK","2LDK",62.02,67,"目黒区","緑が丘2-2330-2他","東急東横線","自由が丘",10,71300000
"308",318,"アジール・デューク目黒","2018/1",64980000,75480000,"2LDK+S","2LDK+S",70.68,76.96,"目黒区","下目黒２","ＪＲ山手線","目黒",9,70230000
"309",320,"クレヴィスタ板橋本町","2017/11",27800000,27800000,"1K","1K",25.6,25.6,"板橋区","大和町","都営三田線","板橋本町",3,27800000
"310",321,"オープンレジデンシア綾瀬●綾瀬駅より徒歩３分！新築未入居のピカピカの物件です！！","2017/11",31800000,31800000,"1LDK","1LDK",40.34,40.34,"足立区","綾瀬３","東京メトロ千代田線","綾瀬",3,31800000
"311",322,"オープンレジデンシア綾瀬","2017/11",31800000,31800000,"1LDK","1LDK",40.34,40.34,"足立区","綾瀬３","ＪＲ常磐線","綾瀬",3,31800000
"312",323,"オープンレジデンシア綾瀬","2017/11",31800000,31800000,"1LDK","1LDK",40.34,40.34,"足立区","綾瀬３","東京メトロ千代田線","綾瀬",3,31800000
"313",324,"オープンレジデンシア綾瀬","2017/11",31800000,31800000,"1LDK","1LDK",40.34,40.34,"足立区","綾瀬３-７－７","ＪＲ常磐線","綾瀬",3,31800000
"314",325,"オープンレジデンシア綾瀬","2017/11",31800000,31800000,"1LDK","1LDK",40.34,40.34,"足立区","綾瀬３","東京メトロ千代田線","綾瀬",3,31800000
"315",326,"ラヴィドール府中中河原","2017/11",32800000,32800000,"3LDK","3LDK",78.68,78.68,"府中市","住吉町２","京王線","中河原",2,32800000
"316",327,"グランド・ガーラ白金高輪","2017/11",36000000,36000000,"1K","1K",20.43,20.43,"港区","高輪１-23-33","東京メトロ南北線","白金高輪",4,3.6e+07
"317",328,"オープンレジデンシア銀座二丁目","2017/11",36800000,36800000,"1K","1K",25.11,25.11,"中央区","銀座２","東京メトロ銀座線","銀座",7,36800000
"318",329,"アヴニールイシ南千住","2017/11",38800000,38800000,"1LDK","1LDK",40.43,40.43,"台東区","日本堤１-40-4","ＪＲ常磐線","南千住",7,38800000
"319",330,"***　アブニールイシ南千住　***","2017/11",38800000,38800000,"1LDK","1LDK",40.43,40.43,"台東区","日本堤１","東京メトロ日比谷線","南千住",7,38800000
"320",331,"《ヴォーガコルテ阿佐ヶ谷》内覧可能♪　築後未入居物件！","2017/11",39800000,39800000,"1LDK","1LDK",40.92,40.92,"杉並区","阿佐谷南１","東京メトロ丸ノ内線","南阿佐ヶ谷",8,39800000
"321",332,"◇ 新築・未入居♪両国４分♪ペット可 ◇ エルパティオ両国","2017/11",39800000,39800000,"1LDK","1LDK",40.56,40.56,"墨田区","両国１-13-2","ＪＲ総武線","両国",4,39800000
"322",333,"ザ・パークハウス西新宿タワー60","2018/3",43700000,43700000,"1DK","1DK",35.66,35.66,"新宿区","西新宿５","都営大江戸線","西新宿五丁目",7,43700000
"323",334,"メイクスデザイン入谷Ⅱ","2017/11",43900000,43900000,"2LDK","2LDK",55.79,55.79,"台東区","入谷１","東京メトロ日比谷線","入谷",2,43900000
"324",335,"アジールコフレ中野坂上","2017/11",44780000,44780000,"1LDK","1LDK",34.63,34.63,"中野区","本町２","東京メトロ丸ノ内線","中野坂上",2,44780000
"325",336,"リーフィアレジデンス狛江東和泉","2017/11",46780000,46780000,"2LDK","2LDK",57.57,57.57,"狛江市","東和泉１","小田急線","狛江",4,46780000
"326",337,"サンクレイドルひばりが丘","2017/12",47900000,47900000,"3LDK","3LDK",72.42,72.42,"西東京市","谷戸町２","西武池袋線","ひばりヶ丘",12,47900000
"327",338,"メインステージ元浅草Ⅲ","2017/11",48800000,48800000,"1LDK+S","1LDK+S",50.18,50.18,"台東区","元浅草４","東京メトロ銀座線","田原町",6,48800000
"328",339,"マルクパージュ北小岩","2017/11",49200000,49200000,"2LDK","2LDK",56.22,56.22,"江戸川区","北小岩１","ＪＲ総武線","小岩",14,49200000
"329",340,"ヴィークコート豊田　【南東向き、日照・眺望・通風良好】","2017/11",49900000,49900000,"3LDK","3LDK",72.39,72.39,"日野市","東豊田３","ＪＲ中央線","豊田",6,49900000
"330",341,"ベイズタワー＆ガーデン","2017/11",49900000,49900000,"1LDK","1LDK",54.98,54.98,"江東区","豊洲６-10-8他","新交通ゆりかもめ","新豊洲",6,49900000
"331",342,"アビダス西国分寺","2017/9",49980000,49980000,"3LDK","3LDK",71.3,71.3,"国分寺市","西恋ヶ窪４","ＪＲ中央線","西国分寺",9,49980000
"332",343,"六本木グランドタワーレジデンス","2017/11",51800000,51800000,"1K","1K",25.79,25.79,"港区","六本木３","東京メトロ南北線","六本木一丁目",2,51800000
"333",344,"コンシェリア新宿HILLSIDE SQUARE","2017/11",51900000,51900000,"1LDK","1LDK",40.36,40.36,"新宿区","余丁町４－１４","都営大江戸線","若松河田",7,51900000
"334",345,"インプレスト文京東大前　","2017/11",52000000,52000000,"2LDK","2LDK",42.2,42.2,"文京区","向丘１","東京メトロ南北線","東大前",2,5.2e+07
"335",346,"インプレスト文京東大前","2017/11",52000000,52000000,"2LDK","2LDK",42.2,42.2,"文京区","向丘１","東京メトロ南北線","東大前",2,5.2e+07
"336",347,"●●インプレスト文京東大前●●","2017/11",52000000,52000000,"2LDK","2LDK",42.2,42.2,"文京区","向丘１","東京メトロ南北線","東大前",2,5.2e+07
"337",348,"《リストレジデンス等々力》内覧可能♪　２０１５年築のきれいなマンションです。","2017/11",52900000,52900000,"2LDK","2LDK",56.36,56.36,"世田谷区","等々力８","東急大井町線","等々力",15,52900000
"338",349,"DEUX TOURS CANAL&SPA　48階住戸","2017/11",53000000,53000000,"1LDK","1LDK",44.58,44.58,"中央区","晴海３","都営大江戸線","勝どき",11,5.3e+07
"339",350,"DEUX TOURS CANAL&SPA　42階住戸","2017/11",53000000,53000000,"1LDK","1LDK",44.67,44.67,"中央区","晴海３","都営大江戸線","勝どき",11,5.3e+07
"340",351,"リベルサ","2017/11",53800000,53800000,"2LDK","2LDK",67.44,67.44,"世田谷区","成城２","小田急線","成城学園前",2,53800000
"341",352,"リベルサ","2017/11",53800000,53800000,"2LDK","2LDK",67.44,67.44,"世田谷区","成城２","小田急線","成城学園前",3,53800000
"342",353,"新築コーポラティブハウス　リベルサ","2017/11",53800000,53800000,"2LDK","2LDK",67.44,67.44,"世田谷区","成城２","小田急線","成城学園前",3,53800000
"343",354,"《オープンレジデンシア虎ノ門　４階》　新築　未入居♪　支払１４５３０１円～","2017/11",54800000,54800000,"1LDK","1LDK",34.16,34.16,"港区","西新橋３","東京メトロ銀座線","虎ノ門",9,54800000
"344",355,"***　サンウッド東日本橋フラッツ　***","2017/11",54800000,54800000,"1LDK","1LDK",40,40,"中央区","日本橋横山町","ＪＲ総武線快速","馬喰町",1,54800000
"345",356,"プレミスト新宿山吹","2017/11",54800000,54800000,"2LDK","2LDK",53.6,53.6,"新宿区","山吹町３６５－１","東京メトロ有楽町線","江戸川橋",2,54800000
"346",357,"センチュリー初台","2017/11",54800000,54800000,"2LDK","2LDK",58.94,58.94,"渋谷区","初台１","京王新線","初台",2,54800000
"347",358,"サンウッド東日本橋フラッツ","2017/11",54800000,54800000,"1LDK","1LDK",40,40,"中央区","日本橋横山町","ＪＲ総武線快速","馬喰町",1,54800000
"348",359,"◆新築未入居◆内覧可能◆即入居可能◆投資にもオススメ◆オープンレジデンシア虎ノ門","2017/11",54800000,54800000,"1LDK","1LDK",34.16,34.16,"港区","西新橋３","都営三田線","御成門",8,54800000
"349",360,"エステムプラザ　ＴＯＫＹＯ　ＲＩＳＥ","2017/11",55980000,55980000,"2LDK+S","2LDK+S",69.14,69.14,"江東区","東陽３","東京メトロ東西線","木場",4,55980000
"350",361,"《エステムプラザ東京ライズ》内覧可能♪　13階南西角部屋で日当り・通風良好","2017/11",55980000,55980000,"3LDK","3LDK",69.14,69.14,"江東区","東陽３","東京メトロ東西線","木場",4,55980000
"351",362,"【新築未入居】エステムプラザＴＯＫＹＯ ＲＩＳＥ","2017/11",55980000,55980000,"3LDK","3LDK",69.14,69.14,"江東区","東陽３","東京メトロ東西線","木場",4,55980000
"352",363,"～センチュリー荻窪　堂々完成～　荻窪駅徒歩10分　☆飯田グループホールディングス☆","2017/11",56400000,56400000,"2LDK","2LDK",54.95,54.95,"杉並区","荻窪２","ＪＲ中央線","荻窪",10,56400000
"353",364,"オーベルグランディオ品川勝島【新築未入居】","2017/11",56800000,56800000,"4LDK+S","4LDK+S",80.83,80.83,"品川区","勝島１","京急本線","立会川",11,56800000
"354",365,"パレステージ上野","2017/11",57200000,57200000,"2LDK+S","2LDK+S",62.9,62.9,"台東区","上野７","ＪＲ山手線","上野",5,57200000
"355",366,"【即日内見可能】　パレステージ上野","2017/11",57200000,57200000,"2LDK+S","2LDK+S",62.9,62.9,"台東区","上野７-13-15","ＪＲ山手線","上野",5,57200000
"356",367,"《パレステージ上野》内覧可能♪　２０１７年２月新築未入居物件です。","2017/11",57500000,57500000,"3LDK","3LDK",62.9,62.9,"台東区","上野７","ＪＲ山手線","上野",5,57500000
"357",368,"パレステージ上野","2017/11",57500000,57500000,"2LDK+S","2LDK+S",62.9,62.9,"台東区","上野７","ＪＲ山手線","上野",5,57500000
"358",369,"ザ・パークハウス西新宿タワー６０","2017/12",57800000,57800000,"1LDK","1LDK",49.11,49.11,"新宿区","西新宿５","都営大江戸線","西新宿五丁目",7,57800000
"359",370,"ブリリアタワーズ目黒　サウスレジデンス","2018/5",57800000,57800000,"ワンルーム","ワンルーム",30.05,30.05,"品川区","上大崎３-2","ＪＲ山手線","目黒",2,57800000
"360",371,"ザ・パークハウス晴海タワーズ ティアロレジデンス【野村の仲介＋お勧め物件】","2017/11",57800000,57800000,"2LDK","2LDK",57.06,57.06,"中央区","晴海２","都営大江戸線","月島",13,57800000
"361",372,"ブリリアタワーズ目黒　サウスレジデンス","2018/5",59000000,59000000,"ワンルーム","ワンルーム",34.86,34.86,"品川区","上大崎３","ＪＲ山手線","目黒",2,5.9e+07
"362",373,"《リストレジデンス等々力》内覧可能♪　２０１５年築のきれいなマンションです。","2017/11",59800000,59800000,"2LDK+S","2LDK+S",70.01,70.01,"世田谷区","等々力８","東急大井町線","等々力",15,59800000
"363",374,"ブランズシティ品川勝島","2017/11",59800000,59800000,"4LDK","4LDK",85.8,85.8,"品川区","勝島１","京急本線","鮫洲",11,59800000
"364",375,"《ブランズシティ品川勝島》内覧可能♪　総戸数３５６邸の大型コミュニティ","2017/11",59800000,59800000,"4LDK","4LDK",85.8,85.8,"品川区","勝島１","東京モノレール","大井競馬場前",8,59800000
"365",376,"プレシス練馬","2017/11",59800000,59800000,"4LDK","4LDK",84.94,84.94,"練馬区","豊玉南３","西武池袋線","練馬",15,59800000
"366",377,"ルフォン根岸三丁目","2017/11",59980000,59980000,"3LDK","3LDK",60.5,60.5,"台東区","根岸３","東京メトロ日比谷線","入谷",3,59980000
"367",378,"ブリリアタワーズ目黒　サウスレジデンス","2017/12",60000000,60000000,"ワンルーム","ワンルーム",30.05,30.05,"品川区","上大崎３-2","ＪＲ山手線","目黒",2,6e+07
"368",379,"《リストレジデンス等々力》内覧可能♪　２０１５年築のきれいなマンションです。","2017/11",60800000,60800000,"3LDK","3LDK",70,70,"世田谷区","等々力８","東急大井町線","等々力",15,60800000
"369",380,"パレステージ上野｜１３路線利用可｜ペット飼育可｜オートロック｜宅配ボックス","2017/11",60800000,60800000,"2LDK+S","2LDK+S",62.9,62.9,"台東区","上野７","ＪＲ山手線","上野",5,60800000
"370",381,"ブリリアタワーズ目黒　サウスレジデンス","2018/5",61800000,61800000,"ワンルーム","ワンルーム",30.05,30.05,"品川区","上大崎３-2","ＪＲ山手線","目黒",2,61800000
"371",382,"オープンレジデンシア築地","2017/11",62000000,62000000,"1LDK","1LDK",38.38,38.38,"中央区","築地２","東京メトロ日比谷線","築地",1,6.2e+07
"372",383,"ザ・パークハウス西新宿タワー60","2018/3",62800000,62800000,"1LDK","1LDK",47.48,47.48,"新宿区","西新宿５","都営大江戸線","西新宿五丁目",7,62800000
"373",384,"◆◆ＰＲＯＵＤ―ＣＩＴＹ阿佐ヶ谷テラス◆◆住環境良好な未入居メゾネットプラン！！","2017/11",63800000,63800000,"3LDK","3LDK",84.23,84.23,"杉並区","成田東４","東京メトロ丸ノ内線","南阿佐ヶ谷",7,63800000
"374",385,"プラウドシティ阿佐ヶ谷テラス","2017/11",63800000,63800000,"3LDK","3LDK",84.23,84.23,"杉並区","成田東４","東京メトロ丸ノ内線","南阿佐ヶ谷",7,63800000
"375",386,"プラウドシティ阿佐ヶ谷テラス　～戸建て感覚のハイブリット・メゾネット～","2017/11",63800000,63800000,"3LDK","3LDK",84.23,84.23,"杉並区","成田東４","ＪＲ中央線","阿佐ヶ谷",15,63800000
"376",387,"ブリリアザ・タワー東京八重洲アベニュー 26階","2017/11",64800000,64800000,"1LDK","1LDK",43.89,43.89,"中央区","新川２","東京メトロ日比谷線","八丁堀",4,64800000
"377",388,"ブリリアザ・タワー東京八重洲アベニュー","2018/2",64800000,64800000,"1LDK","1LDK",43.89,43.89,"中央区","新川２-10","東京メトロ日比谷線","八丁堀",4,64800000
"378",389,"ザ・パークハウス晴海タワーズ ティアロレジデンス","2017/11",64800000,64800000,"2LDK","2LDK",64.67,64.67,"中央区","晴海２","都営大江戸線","勝どき",13,64800000
"379",390,"ミッドレジデンス文京","2017/11",65800000,65800000,"3LDK","3LDK",66.76,66.76,"文京区","関口１","東京メトロ有楽町線","江戸川橋",1,65800000
"380",391,"～センチュリー荻窪　堂々完成～　荻窪駅徒歩10分　☆飯田グループホールディングス☆","2017/11",66500000,66500000,"3LDK","3LDK",65.4,65.4,"杉並区","荻窪２","ＪＲ中央線","荻窪",10,66500000
"381",392,"ザ・パークハウス晴海タワーズティアロレジデンス","2017/11",67800000,67800000,"2LDK","2LDK",63.05,63.05,"中央区","晴海２","都営大江戸線","勝どき",13,67800000
"382",393,"ザ・パークハウス晴海タワーズ　ティアロレジデンス","2017/11",67800000,67800000,"2LDK","2LDK",63.05,63.05,"中央区","晴海２","東京メトロ有楽町線","月島",10,67800000
"383",394,"DEUX TOURS CANAL&SPA EAST　8階住戸","2017/11",68500000,68500000,"2LDK","2LDK",64.59,64.59,"中央区","晴海３-13-1","都営大江戸線","勝どき",11,68500000
"384",395,"ザ・パークハウス西新宿タワー60","2018/3",69000000,69000000,"2LDK","2LDK",57.94,57.94,"新宿区","西新宿５","都営大江戸線","西新宿五丁目",7,6.9e+07
"385",396,"ザ・パークハウス西新宿タワー60","2018/4",69800000,69800000,"1LDK","1LDK",56.39,56.39,"新宿区","西新宿５","都営大江戸線","西新宿五丁目",7,69800000
"386",397,"オープンレジデンシア中目黒別所坂","2017/11",69800000,69800000,"1LDK+S","1LDK+S",66.27,66.27,"目黒区","中目黒１","東京メトロ日比谷線","恵比寿",7,69800000
"387",398,"ヴィルヴィオ葛西","2017/11",69900000,69900000,"3LDK","3LDK",82.88,82.88,"江戸川区","東葛西２","東京メトロ東西線","葛西",7,69900000
"388",399,"＝アドバンスフィールド＝　ザ・パークハウス西新宿タワー６０","2017/11",71500000,71500000,"2LDK","2LDK",56.39,56.39,"新宿区","西新宿５","都営大江戸線","西新宿五丁目",7,71500000
"389",400,"ザ・パークハウス西新宿タワー60","2018/3",72000000,72000000,"2LDK","2LDK",60.22,60.22,"新宿区","西新宿５","東京メトロ丸ノ内線","西新宿",9,7.2e+07
"390",401,"ＡＺＥＳＴ下落合","契約後1ヶ",72800000,72800000,"2LDK+S","2LDK+S",91.04,91.04,"新宿区","上落合１-９－１０","西武新宿線","下落合",5,72800000
"391",402,"ザ・パークハウス西新宿タワー60","2018/3",72800000,72800000,"1LDK","1LDK",60.22,60.22,"新宿区","西新宿５","都営大江戸線","西新宿五丁目",7,72800000
"392",403,"プラウド桜新町","2017/11",72800000,72800000,"3LDK","3LDK",74.46,74.46,"世田谷区","弦巻５","東急田園都市線","桜新町",10,72800000
"393",404,"ザ・パークハウス西新宿タワー60","2018/3",73000000,73000000,"2LDK","2LDK",57.94,57.94,"新宿区","西新宿５","都営大江戸線","西新宿五丁目",7,7.3e+07
"394",405,"アトラス市ヶ谷","2017/11",73800000,73800000,"2LDK","2LDK",58.68,58.68,"新宿区","市谷本村町","ＪＲ中央線","市ヶ谷",6,73800000
"395",406,"パークホームズ豊洲ザ・レジデンス","2017/11",74800000,74800000,"3LDK","3LDK",73.04,73.04,"江東区","豊洲５","東京メトロ有楽町線","豊洲",5,74800000
"396",407,"ザ・パークハウス 西新宿タワー６０","2018/2",75800000,75800000,"2LDK","2LDK",65.1,65.1,"新宿区","西新宿５-4-9","都営大江戸線","西新宿五丁目",7,75800000
"397",408,"桜上水ガーデンズ","2017/11",76000000,76000000,"3LDK+S","3LDK+S",75.88,75.88,"世田谷区","桜上水４","京王線","桜上水",3,7.6e+07
"398",409,"DEUX TOURS【野村の仲介＋お勧め物件】","2017/11",76600000,76600000,"2LDK+S","2LDK+S",70.98,70.98,"中央区","晴海３","都営大江戸線","勝どき",9,76600000
"399",410,"ブリリアタワーズ目黒　サウスレジデンス","2018/5",77000000,77000000,"1LDK","1LDK",41.08,41.08,"品川区","上大崎３","ＪＲ山手線","目黒",2,7.7e+07
"400",411,"プラウド府中ステーションアリーナ","2017/11",77300000,77300000,"3LDK","3LDK",73.73,73.73,"府中市","宮町１","京王線","府中",1,77300000
"401",412,"◎プラウドシティ阿佐ヶ谷ガーデンＡ棟◎","2017/11",77800000,77800000,"2LDK","2LDK",67.98,67.98,"杉並区","成田東４","東京メトロ丸ノ内線","南阿佐ヶ谷",5,77800000
"402",413,"プラウドシティ阿佐ヶ谷ガーデン","2017/11",77800000,77800000,"2LDK","2LDK",67.98,67.98,"杉並区","成田東４","東京メトロ丸ノ内線","南阿佐ヶ谷",5,77800000
"403",414,"ザ・パークハウス西新宿タワー60","2017/11",77880000,77880000,"2LDK","2LDK",62.56,62.56,"新宿区","西新宿５","都営大江戸線","西新宿五丁目",7,77880000
"404",415,"ザ・パークハウス西新宿タワー６０","2017/11",77880000,77880000,"2LDK","2LDK",62.56,62.56,"新宿区","西新宿５","東京メトロ丸ノ内線","西新宿",9,77880000
"405",416,"ザ・パークハウス中野タワー","2017/11",78000000,78000000,"2LDK","2LDK",61.27,61.27,"中野区","中野５","ＪＲ中央線","中野",6,7.8e+07
"406",417,"勝どきザ・タワー【野村の仲介＋お勧め物件】","2017/11",79800000,79800000,"3LDK","3LDK",81.2,81.2,"中央区","勝どき５","都営大江戸線","勝どき",6,79800000
"407",418,"勝どきザ・タワー","2017/11",79800000,79800000,"3LDK","3LDK",81.2,81.2,"中央区","勝どき５","都営大江戸線","勝どき",6,79800000
"408",419,"ザ・パークハウス西新宿タワー６０　","2017/11",79800000,79800000,"2LDK","2LDK",59.51,59.51,"新宿区","西新宿５-４－９","東京メトロ丸ノ内線","西新宿",8,79800000
"409",420,"ザ・パークハウス西新宿タワー60","2017/11",79800000,79800000,"2LDK","2LDK",59.51,59.51,"新宿区","西新宿５","都営大江戸線","西新宿五丁目",7,79800000
"410",421,"ザ・パークハウス晴海タワーズ ティアロレジデンス　46階住戸","2017/11",79900000,79900000,"3LDK","3LDK",76.18,76.18,"中央区","晴海２","都営大江戸線","勝どき",14,79900000
"411",422,"ザ・パークハウス晴海タワーズ　ティアロレジデンス　46階3ＬＤＫ東向き住戸","2017/11",79900000,79900000,"3LDK","3LDK",76.18,76.18,"中央区","晴海２","都営大江戸線","勝どき",13,79900000
"412",423,"アルファグランデ千桜タワー","2018/8",83800000,83800000,"3LDK","3LDK",64.72,64.72,"千代田区","神田東松下町","ＪＲ山手線","神田",5,83800000
"413",424,"プラウド府中ステーションアリーナ","2017/11",84800000,84800000,"3LDK","3LDK",69.38,69.38,"府中市","宮町１","京王線","府中",1,84800000
"414",425,"勝どき　ザ・タワー","2017/11",85800000,85800000,"2LDK","2LDK",67.86,67.86,"中央区","勝どき５","都営大江戸線","勝どき",6,85800000
"415",426,"勝どき ザ・タワー　45階住戸","2017/11",85800000,85800000,"2LDK","2LDK",67.86,67.86,"中央区","勝どき５","都営大江戸線","勝どき",6,85800000
"416",427,"ザ・パークハウス中野タワー","2017/11",85900000,85900000,"2LDK","2LDK",58.55,58.55,"中野区","中野５","ＪＲ中央線","中野",6,85900000
"417",428,"リベルサ","2017/11",86800000,86800000,"3LDK","3LDK",93.64,93.64,"世田谷区","成城２","小田急線","成城学園前",3,86800000
"418",429,"新築コーポラティブハウス　リベルサ","2017/11",86800000,86800000,"3LDK","3LDK",93.64,93.64,"世田谷区","成城２","小田急線","成城学園前",3,86800000
"419",430,"成城2丁目　Liversa- リベルサ","2017/11",86800000,86800000,"3LDK","3LDK",93.64,93.64,"世田谷区","成城２","小田急線","成城学園前",3,86800000
"420",431,"新築・７%高利回り・投資用マンション◇町屋　徒歩１２分・新築一棟売アパート","2017/11",87940000,87940000,"12K","12K",163.71,163.71,"荒川区","町屋４-34-17","東京メトロ千代田線","町屋",12,87940000
"421",432,"アルファグランデ千桜タワー","2018/8",88000000,88000000,"3LDK","3LDK",67.09,67.09,"千代田区","神田東松下町","ＪＲ山手線","神田",5,8.8e+07
"422",433,"ザ・パークハウス西新宿タワー６０","2017/11",91500000,91500000,"2LDK","2LDK",60.1,60.1,"新宿区","西新宿５","都営大江戸線","西新宿五丁目",7,91500000
"423",434,"プレミスト日本橋浜町","2017/11",93800000,93800000,"3LDK","3LDK",92.88,92.88,"中央区","日本橋浜町３-１９番１０","東京メトロ半蔵門線","水天宮前",6,93800000
"424",435,"ザ・パークハウス西新宿タワー60","2017/11",94800000,94800000,"2LDK+S","2LDK+S",81.5,81.5,"新宿区","西新宿５","都営大江戸線","西新宿五丁目",7,94800000
"425",436,"プラウド府中ステーションアリーナ【駅直結×最上階×天井高約2.5m】","2017/11",96090000,96090000,"3LDK+S","3LDK+S",75.64,75.64,"府中市","宮町１","京王線","府中",1,96090000
"426",437,"ザ・パークハウス西新宿タワー60【野村の仲介＋お勧め物件】","2018/3",96600000,96600000,"2LDK","2LDK",76.46,76.46,"新宿区","西新宿５","東京メトロ丸ノ内線","西新宿",9,96600000
"427",438,"ザ・パークハウス西新宿タワー60","2018/3",97800000,97800000,"3LDK","3LDK",70.06,70.06,"新宿区","西新宿５","都営大江戸線","西新宿五丁目",7,97800000
"428",439,"ザ・パークハウス西新宿タワー６０","2017/11",99800000,99800000,"3LDK","3LDK",76.46,76.46,"新宿区","西新宿５","都営大江戸線","西新宿五丁目",7,99800000
"429",440,"ブリリアザ・タワー東京八重洲アベニュー","2018/2",99800000,99800000,"2LDK+2S","2LDK+2S",69.3,69.3,"中央区","新川２-10","東京メトロ日比谷線","八丁堀",4,99800000
"430",441,"【ザ・パークハウス西新宿タワー６０】５３階部分　南東向　新築未入居タワーマンション","2018/3",100000000,100000000,"2LDK","2LDK",70.01,70.01,"新宿区","西新宿５-5-1","東京メトロ丸ノ内線","西新宿",9,1e+08
"431",442,"勝どきザ・タワー","2017/11",100000000,100000000,"2LDK","2LDK",74.47,74.47,"中央区","勝どき５","都営大江戸線","勝どき",6,1e+08
"432",443,"ディアナコート茗荷谷翠景","2017/11",100000000,100000000,"2LDK+S","2LDK+S",78.28,78.28,"文京区","大塚３","東京メトロ丸ノ内線","茗荷谷",7,1e+08
"433",444,"ザ・パークハウス西新宿タワー６０","2017/11",100000000,100000000,"3LDK","3LDK",85.35,85.35,"新宿区","西新宿５","都営大江戸線","西新宿五丁目",7,1e+08
"434",445,"ザ・パークハウス西新宿タワー６０","2017/11",100000000,100000000,"3LDK","3LDK",87.37,87.37,"新宿区","西新宿５","都営大江戸線","西新宿五丁目",7,1e+08
"435",446,"デュフレベース世田谷赤堤","2017/11",100000000,100000000,"3LDK","3LDK",122.54,122.54,"世田谷区","赤堤２-32-13","小田急線","豪徳寺",8,1e+08
"436",447,"山手線「目黒」駅徒歩１分　BrilliaTowers目黒NorthResidence","2018/1",100000000,100000000,"1LDK+S","1LDK+S",53.5,53.5,"品川区","上大崎３","ＪＲ山手線","目黒",1,1e+08
"437",448,"ザ・パークハウス西新宿タワー60","2018/3",100000000,100000000,"3LDK","3LDK",77.93,77.93,"新宿区","西新宿５","都営大江戸線","西新宿五丁目",7,1e+08
"438",449,"パークコート三番町ヒルトップレジデンス","2018/1",100000000,100000000,"1LDK","1LDK",62.95,62.95,"千代田区","三番町","都営新宿線","市ヶ谷",4,1e+08
"439",450,"プレミスト佃二丁目","2017/11",100000000,100000000,"4LDK","4LDK",91.17,91.17,"中央区","佃２-5番7","東京メトロ有楽町線","月島",3,1e+08
"440",451,"ブリリアタワーズ目黒　ノースレジデンス","2018/6",100000000,100000000,"2LDK","2LDK",53.5,53.5,"品川区","上大崎３-1","ＪＲ山手線","目黒",1,1e+08
"441",452,"ザ・パークハウス西新宿タワー６０","2017/11",100000000,100000000,"2LDK","2LDK",83.37,83.37,"新宿区","西新宿５","都営大江戸線","西新宿五丁目",7,1e+08
"442",453,"南青山マスターズハウス","2017/11",100000000,100000000,"1LDK","1LDK",80.78,80.78,"港区","南青山４","東京メトロ千代田線","乃木坂",6,1e+08
"443",454,"ディアスタ早稲田　諏訪通り","2017/11",100000000,100000000,"3LDK","3LDK",90.87,90.87,"新宿区","西早稲田２-12-3","東京メトロ副都心線","西早稲田",5,1e+08
"444",455,"ザ・パークハウス西新宿タワー６０","2018/3",100000000,100000000,"2LDK","2LDK",87.37,87.37,"新宿区","西新宿５","都営大江戸線","西新宿五丁目",7,1e+08
"445",456,"ブリリアタワーズ目黒サウスレジデンス","2017/11",100000000,100000000,"2LDK","2LDK",54.64,54.64,"品川区","上大崎３-２番","ＪＲ山手線","目黒",2,1e+08
"446",457,"ブリリアタワーズ目黒　ノースレジデンス","2018/6",100000000,100000000,"1LDK+S","1LDK+S",59.8,59.8,"品川区","上大崎３-1","ＪＲ山手線","目黒",1,1e+08
"447",458,"ブリリアタワーズ目黒　ノースレジデンス","2018/1",100000000,100000000,"2LDK","2LDK",70.13,70.13,"品川区","上大崎３","ＪＲ山手線","目黒",1,1e+08
"448",459,"ザ・パークハウス西新宿タワー60","2017/11",100000000,100000000,"3LDK+S","3LDK+S",83.37,83.37,"新宿区","西新宿５","都営大江戸線","西新宿五丁目",7,1e+08
"449",460,"ブリリアタワーズ目黒　サウスレジデンス","2017/12",100000000,100000000,"2LDK","2LDK",66.65,66.65,"品川区","上大崎３","ＪＲ山手線","目黒",2,1e+08
"450",461,"ブリリアタワーズ目黒　サウスレジデンス","2018/7",100000000,100000000,"2LDK","2LDK",54.64,54.64,"品川区","上大崎３","ＪＲ山手線","目黒",2,1e+08
"451",462,"ブランズ渋谷常盤松","2017/11",100000000,100000000,"2LDK","2LDK",70.79,70.79,"渋谷区","東４","東京メトロ銀座線","表参道",17,1e+08
"452",463,"ザ・パークハウス西新宿タワー６０","2017/11",100000000,100000000,"3LDK","3LDK",87.37,87.37,"新宿区","西新宿５","都営大江戸線","西新宿五丁目",7,1e+08
"453",464,"ブリリア　タワーズサウスレジデンス","2018/2",100000000,100000000,"1LDK","1LDK",61.24,61.24,"品川区","上大崎３","ＪＲ山手線","目黒",2,1e+08
"454",465,"ブリリアタワーズ目黒　サウスレジデンス","2018/5",100000000,100000000,"2LDK","2LDK",64.4,64.4,"品川区","上大崎３-2","ＪＲ山手線","目黒",2,1e+08
"455",466,"ザ・パークハウス新宿御苑","2018/3",100000000,100000000,"3LDK","3LDK",75.66,75.66,"新宿区","新宿２","東京メトロ丸ノ内線","新宿御苑前",1,1e+08
"456",467,"ブリリアタワーズ目黒　ノースレジデンス","2018/6",100000000,100000000,"2LDK+S","2LDK+S",68.07,68.07,"品川区","上大崎３","ＪＲ山手線","目黒",1,1e+08
"457",468,"ザ・パークハウス西新宿タワー６０","2017/11",100000000,100000000,"3LDK","3LDK",89.86,89.86,"新宿区","西新宿５","都営大江戸線","西新宿五丁目",7,1e+08
"458",469,"ブリリアタワーズ目黒　ノースレジデンス","2018/6",100000000,100000000,"2LDK","2LDK",68.84,68.84,"品川区","上大崎３-1","ＪＲ山手線","目黒",1,1e+08
"459",470,"ブリリアタワーズ目黒　ノースレジデンス","2018/6",100000000,100000000,"3LDK+S","3LDK+S",79.58,79.58,"品川区","上大崎３-1","ＪＲ山手線","目黒",1,1e+08
"460",471,"ブリリアタワーズ目黒ノースレジデンス","2017/11",100000000,100000000,"2LDK","2LDK",66.29,66.29,"品川区","上大崎３-1","ＪＲ山手線","目黒",1,1e+08
"461",472,"ザ・パークハウスグラン南青山","2017/11",100000000,100000000,"1LDK","1LDK",60.21,60.21,"港区","南青山５","東京メトロ銀座線","表参道",4,1e+08
"462",473,"ザ・パークハウス西新宿タワー60","2017/11",100000000,100000000,"2LDK","2LDK",96.08,96.08,"新宿区","西新宿５","都営大江戸線","西新宿五丁目",7,1e+08
"463",474,"ザ・パークハウス西新宿タワー60","2017/11",100000000,100000000,"2LDK","2LDK",96.08,96.08,"新宿区","西新宿５","都営大江戸線","西新宿五丁目",7,1e+08
"464",475,"【新築タワーレジデンス55階】ザ・パークハウス西新宿タワー60","2017/11",100000000,100000000,"2LDK+S","2LDK+S",96.8,96.8,"新宿区","西新宿５","都営大江戸線","西新宿五丁目",7,1e+08
"465",476,"ザ・パークハウス西新宿タワー60","2017/11",100000000,100000000,"2LDK","2LDK",96.08,96.08,"新宿区","西新宿５","都営大江戸線","西新宿五丁目",7,1e+08
"466",477,"ザ・パークハウス西新宿タワー60","2018/3",100000000,100000000,"3LDK","3LDK",96.08,96.08,"新宿区","西新宿５","都営大江戸線","西新宿五丁目",7,1e+08
"467",478,"ブリリアタワーズ目黒　ノースレジデンス","2018/6",100000000,100000000,"2LDK+S","2LDK+S",79.58,79.58,"品川区","上大崎３-1","ＪＲ山手線","目黒",1,1e+08
"468",479,"《ブリリアタワーズ目黒サウスレジデンス》目黒駅前再開発地区の堂々たるタワーマンション","2018/1",100000000,100000000,"2LDK","2LDK",72.11,72.11,"品川区","上大崎３","ＪＲ山手線","目黒",2,1e+08
"469",480,"ブリリアタワーズ目黒　サウスレジデンス","2018/5",200000000,200000000,"2LDK+S","2LDK+S",80.2,80.2,"品川区","上大崎３-2","ＪＲ山手線","目黒",2,2e+08
"470",481,"ザ・パークハウスグラン南青山高樹町","2017/11",200000000,200000000,"3LDK","3LDK",99.52,99.52,"港区","南青山７","東京メトロ日比谷線","広尾",11,2e+08
"471",482,"ブリリアタワーズ目黒　ノースレジデンス","2018/6",200000000,200000000,"3LDK","3LDK",95.28,95.28,"品川区","上大崎３-1","ＪＲ山手線","目黒",1,2e+08
"472",483,"ブリリアタワーズ目黒","2018/5",200000000,200000000,"3LDK","3LDK",85.56,85.56,"品川区","上大崎３","ＪＲ山手線","目黒",1,2e+08
"473",484,"ブランズ　ザ　ハウス一番町","2017/11",200000000,200000000,"2LDK","2LDK",111.83,111.83,"千代田区","一番町","東京メトロ半蔵門線","半蔵門",3,2e+08
"474",485,"ブランズ　ザ・ハウス一番町","2017/11",200000000,200000000,"2LDK","2LDK",111.83,111.83,"千代田区","一番町","東京メトロ半蔵門線","半蔵門",3,2e+08
"475",486,"プラウド六本木","2017/11",200000000,200000000,"2LDK","2LDK",100.12,100.12,"港区","六本木４","東京メトロ日比谷線","六本木",4,2e+08
"476",487,"プラウド六本木","2017/11",300000000,300000000,"2LDK+S","2LDK+S",131.65,131.65,"港区","六本木４-2-41","東京メトロ日比谷線","六本木",4,3e+08
"477",488,"ブリリアタワーズ目黒　ノースレジデンス","2018/6",300000000,300000000,"3LDK","3LDK",103.55,103.55,"品川区","上大崎３-1","ＪＲ山手線","目黒",1,3e+08
"478",489,"セイガステージ府中V","2018/3末",24980000,45980000,"1LDK","4LDK",35,70.19,"府中市","本宿町２","ＪＲ南武線","西府",9,35480000
"479",490,"クイーンズプライム練馬北町","2017/11",27980000,27980000,"1LDK","1LDK",36.2,36.2,"練馬区","北町３","東京メトロ有楽町線","地下鉄赤塚",11,27980000
"480",491,"ヴェルディーク南多摩","2017/11",29900000,43580000,"1LDK","3LDK",56.7,70.8,"稲城市","大丸","ＪＲ南武線","南多摩",2,36740000
"481",492,"サンクレイドル浅草","2017/11",29980000,29980000,"1LDK","1LDK",40,40,"台東区","東浅草１","東京メトロ銀座線","浅草",14,29980000
"482",493,"J WAZAC東京押上","2018/9",31400000,43400000,"1DK","2LDK",30.14,44.14,"墨田区","向島２","東京メトロ半蔵門線","押上",9,37400000
"483",494,"サンクレイドル立石","2017/12",31980000,31980000,"3LDK","3LDK",65.52,65.52,"葛飾区","東四つ木２","京成押上線","京成立石",13,31980000
"484",495,"J WAZAC押上 エクセレント","2018/2",33700000,47800000,"1LDK","2LDK",32.5,45.51,"墨田区","向島３","東京メトロ半蔵門線","押上",7,40750000
"485",496,"ファインスクェア府中本町","2018/8",33780000,33780000,"2LDK","2LDK",55.37,55.37,"府中市","矢崎町１","ＪＲ武蔵野線","府中本町",5,33780000
"486",497,"スカイコートヒルズ北新宿","2017/11",33900000,50000000,"1K","1K",25.5,25.5,"新宿区","北新宿４","ＪＲ中央線","東中野",8,41950000
"487",498,"J WAZAC東雪谷","2017/11",33900000,57400000,"1LDK","1LDK",38.16,56.35,"大田区","東雪谷４","東急池上線","洗足池",13,45650000
"488",499,"クリオ ラベルヴィ三ノ輪","2018/11",34390000,52430000,"1LDK","2LDK",34.16,54.28,"台東区","竜泉２","東京メトロ日比谷線","三ノ輪",4,43410000
"489",500,"エステムプラザ赤羽アンダルシア","2017/12",34580000,34580000,"1DK","1DK",31.85,31.85,"北区","赤羽２","ＪＲ京浜東北線","赤羽",5,34580000
"490",501,"ラコント文京白山","2018/3",34800000,34800000,"1R","1R",33.16,33.16,"文京区","白山４","都営三田線","白山",7,34800000
"491",502,"エステムプラザ とうきょうスカイツリー駅","2018/4",35600000,54800000,"1LDK","2LDK",33.05,53.7,"墨田区","向島３","東武伊勢崎線","とうきょうスカイツリー",2,45200000
"492",503,"ベルコリーヌ南大沢5-6","2017/11",35800000,35800000,"2LDK","2LDK",87.88,87.88,"八王子市","南大沢５","京王相模原線","南大沢",10,35800000
"493",504,"シーズクロノス蒲田","2017/11",36900000,49300000,"1DK+S","1DK+S",39.16,39.16,"大田区","西蒲田８","ＪＲ京浜東北線","蒲田",4,43100000
"494",505,"プレシス久が原パークサイドテラス","2017/11",37800000,55800000,"1LDK+S","3LDK",54.85,74.78,"大田区","久が原１","東急池上線","御嶽山",14,46800000
"495",506,"アンビシャス小岩","2017/11",37800000,44900000,"1LDK+S","3LDK",44.99,65.17,"葛飾区","鎌倉２","ＪＲ総武線","小岩",17,41350000
"496",507,"セイガステージ世田谷烏山","2018/3末",37900000,53600000,"2LDK","4LDK",55.65,75.6,"世田谷区","北烏山８","京王線","千歳烏山",18,45750000
"497",508,"エラヴィオ等々力","2017/11",38500000,63600000,"1R","2LDK",30.12,62.16,"世田谷区","等々力７","東急東横線","自由が丘",19,51050000
"498",509,"西日暮里フラッツ","2017/11",38980000,38980000,"1LDK","1LDK",41.62,41.62,"荒川区","西日暮里１","東京メトロ千代田線","西日暮里",5,38980000
"499",510,"プレシス府中エンティア","2017/11",39800000,39800000,"2LDK+S","2LDK+S",66.85,66.85,"府中市","本宿町２","ＪＲ南武線","西府",10,39800000
"500",511,"サンクレイドル千代田岩本町","2018/9末",39980000,49980000,"1LDK","1LDK",41.3,41.3,"千代田区","岩本町２","東京メトロ日比谷線","小伝馬町",4,44980000
"501",512,"サンクレイドル北小岩","2017/11",39980000,39980000,"3LDK","3LDK",70.49,70.49,"江戸川区","北小岩６","京成本線","京成小岩",3,39980000
"502",513,"センチュリー青砥","2017/11",42580000,42580000,"3LDK","3LDK",76.33,76.33,"葛飾区","青戸７","京成本線","青砥",12,42580000
"503",514,"オープンレジデンシア西日暮里道灌山ヒルズ","2018/8末",43880000,80680000,"1LDK","3LDK",31.52,82.59,"荒川区","西日暮里４","ＪＲ山手線","西日暮里",6,62280000
"504",515,"グランイーグル南六郷サウスビュー","2017/11",44300000,44300000,"3LDK","3LDK",60.9,60.9,"大田区","南六郷３","京急本線","雑色",12,44300000
"505",516,"サンクレイドル木場公園II","2017/11",44680000,58880000,"3LDK","3LDK",62.75,70.49,"江東区","千石１","東京メトロ東西線","木場",13,51780000
"506",517,"アジールコフレ中野坂上","2017/11",44780000,44780000,"1LDK","1LDK",34.63,34.63,"中野区","本町２","東京メトロ丸ノ内線","中野坂上",2,44780000
"507",518,"クリオラベルヴィ王子","2017/11",45490000,45490000,"2LDK","2LDK",48.05,48.05,"北区","栄町","ＪＲ京浜東北線","王子",3,45490000
"508",519,"リーフィアレジデンス狛江 東和泉","2017/11",46780000,50880000,"2LDK","2LDK",57.57,61.17,"狛江市","東和泉１","小田急線","狛江",4,48830000
"509",520,"ライオンズ東綾瀬公園グランフォート","2018/329日",46900000,46900000,"3LDK","3LDK",72.01,72.01,"足立区","綾瀬７","東京メトロ千代田線","北綾瀬",8,46900000
"510",521,"シエルヴィラ桜橋〈壱番館〉","2017/11",47900000,52900000,"1LDK+S","2LDK",55.89,63.22,"墨田区","向島２","東京メトロ半蔵門線","押上",11,50400000
"511",522,"ジーベック錦糸北斎通り","2017/11",48800000,48800000,"1LDK","1LDK",51.16,51.16,"墨田区","亀沢４","ＪＲ総武線","錦糸町",9,48800000
"512",523,"ピアース日本橋箱崎町","2018/3",48800000,70800000,"1LDK","3LDK",43.34,62.41,"中央区","日本橋箱崎町","東京メトロ半蔵門線","水天宮前",4,59800000
"513",524,"オープンレジデンシア久が原","2018/1",48880000,48880000,"1LDK","1LDK",49.25,49.25,"大田区","南久が原２","東急池上線","久が原",4,48880000
"514",525,"オープンレジデンシア日本橋馬喰町ステーションサイド","2018/3",49680000,49680000,"1LDK","1LDK",43.87,43.87,"中央区","日本橋馬喰町１","ＪＲ総武線快速","馬喰町",1,49680000
"515",526,"リムテラス阿佐ヶ谷パークサイド","2017/11",49800000,67800000,"2LDK+S","2LDK+S",66.13,82.7,"杉並区","阿佐谷北２","ＪＲ中央線","阿佐ヶ谷",9,58800000
"516",527,"ライオンズ関町北グランヒルズ","2017/11",49900000,49900000,"3LDK","3LDK",64.67,64.67,"練馬区","関町北２","西武新宿線","武蔵関",6,49900000
"517",528,"ザ・サンクレイドル日本橋レジデンス","2019/1",49980000,100000000,"1LDK","3LDK",41.01,94.81,"中央区","日本橋富沢町","東京メトロ日比谷線","人形町",6,74990000
"518",529,"アトラス押上 桜花テラス","2017/11",51980000,51980000,"3LDK","3LDK",59.63,59.63,"墨田区","向島３","東京メトロ半蔵門線","押上",9,51980000
"519",530,"クリオ武蔵小金井フロントアベニュー","2017/11",52520000,59740000,"2LDK+S","2LDK+S",63.1,70.57,"小金井市","本町５","ＪＲ中央線","武蔵小金井",8,56130000
"520",531,"センチュリー初台","2017/11",54800000,54800000,"2LDK","2LDK",58.94,58.94,"渋谷区","初台１","京王新線","初台",2,54800000
"521",532,"グランリビオ高輪三丁目","2018/6",55900000,100000000,"1LDK","3LDK",37.97,70.55,"港区","高輪３","都営浅草線","高輪台",2,77950000
"522",533,"オープンレジデンシア麻布六本木","2018/8",59000000,94000000,"1LDK","1LDK+S※納戸＝サービスルーム",35,58.37,"港区","六本木３","東京メトロ南北線","六本木一丁目",5,76500000
"523",534,"オープンレジデンシア銀座築地","2018/9",59700000,59700000,"1LDK+S","1LDK+S",48.45,48.45,"中央区","築地６","東京メトロ日比谷線","築地",5,59700000
"524",535,"ブランシエラ板橋西台","2017/11",59800000,59800000,"4LDK","4LDK",86.35,86.35,"板橋区","高島平９","都営三田線","西台",9,59800000
"525",536,"クリオ杉並高井戸","2017/11",59890000,59890000,"3LDK","3LDK",71.47,71.47,"杉並区","高井戸東３","京王井の頭線","高井戸",8,59890000
"526",537,"レ・ジェイド ヴェール駒込","2017/11",59980000,59980000,"3LDK","3LDK",65.27,65.27,"北区","西ケ原１","ＪＲ山手線","駒込",7,59980000
"527",538,"オープンレジデンシア本郷三丁目","2018/6",61980000,82880000,"2LDK","3LDK",54.21,63.76,"文京区","本郷３","東京メトロ丸ノ内線","本郷三丁目",7,72430000
"528",539,"ディアナコート宮坂壇邸","2017/11",63800000,63800000,"1LDK+S","1LDK+S",61.1,61.1,"豊島区","南大塚１","東京メトロ丸ノ内線","新大塚",8,63800000
"529",540,"オープンレジデンシア日本橋横山町","2017/12",63880000,63880000,"2LDK","2LDK",54.46,54.46,"中央区","日本橋横山町","ＪＲ総武線快速","馬喰町",1,63880000
"530",541,"アールブラン馬込","2018/3",63900000,63900000,"2LDK+S","2LDK+S",64.63,64.63,"大田区","中馬込２","都営浅草線","馬込",5,63900000
"531",542,"ピアース中野坂上","2018/3",63900000,63900000,"2LDK","2LDK",53.93,53.93,"中野区","中央１","東京メトロ丸ノ内線","中野坂上",3,63900000
"532",543,"ディアナコート日本橋浜町","2018/3",68800000,68800000,"1LDK+S","1LDK+S",54.42,54.42,"中央区","日本橋浜町２","都営新宿線","浜町",2,68800000
"533",544,"オープンレジデンシア吉祥寺御殿山","2018/4",68980000,68980000,"2LDK","2LDK",62.95,62.95,"武蔵野市","御殿山１","ＪＲ中央線","吉祥寺",6,68980000
"534",545,"オープンレジデンシア御茶ノ水","2018/8",73880000,73880000,"2LDK","2LDK",54.14,54.14,"文京区","湯島３","ＪＲ総武線","御茶ノ水",6,73880000
"535",546,"ロイヤルシーズン池田山","2017/11",77800000,100000000,"2LDK","2LDK",65.31,100.98,"品川区","東五反田５","都営浅草線","五反田",6,88900000
"536",547,"プレミスト佃二丁目","2017/11",82580000,97280000,"3LDK","3LDK",75.44,92.79,"中央区","佃２","東京メトロ有楽町線","月島",3,89930000
"537",548,"ロイヤルシーズン白金台","2017/11",84300000,100000000,"2LDK","2LDK",64.04,71.23,"港区","白金台３","東京メトロ南北線","白金台",8,92150000
"538",549,"プラウドシティ阿佐ヶ谷","2017/11",86900000,86900000,"3LDK","3LDK",78.31,78.31,"杉並区","成田東４","東京メトロ丸ノ内線","南阿佐ヶ谷",6,86900000
"539",550,"クリオ駒沢公園","2017/11",89500000,89500000,"2LDK","2LDK",82.4,82.4,"目黒区","東が丘１","東急田園都市線","駒沢大学",16,89500000
"540",551,"ディアナコート茗荷谷翠景","2017/11",100000000,100000000,"2LDK+S","2LDK+S",78.28,78.28,"文京区","大塚３","東京メトロ丸ノ内線","茗荷谷",7,1e+08
"541",552,"ディアナコート浜田山","2017/11",100000000,100000000,"3LDK","3LDK",81.15,81.15,"杉並区","浜田山４","京王井の頭線","浜田山",10,1e+08
"542",553,"オープンレジデンシア代々木","2018/9",100000000,100000000,"3LDK","3LDK",68.44,68.44,"渋谷区","代々木１","ＪＲ山手線","代々木",3,1e+08
"543",554,"オープンレジデンシア本郷菊坂","2018/6末",100000000,100000000,"3LDK","3LDK",86.88,86.88,"文京区","本郷５","東京メトロ丸ノ内線","本郷三丁目",6,1e+08
"544",555,"プレミスト白金台","2017/11",100000000,200000000,"2LDK","2LDK",75.24,90.24,"港区","白金台３","東京メトロ南北線","白金台",1,1.5e+08
"545",556,"ロイヤルシーズン赤坂","2018/1",100000000,200000000,"1LDK","3LDK",70.49,100.22,"港区","赤坂８","東京メトロ銀座線","青山一丁目",5,1.5e+08
"546",557,"ONE AVENUE 一番町文人通り","2018/8末",200000000,200000000,"3LDK","3LDK",94.68,94.68,"千代田区","一番町","東京メトロ半蔵門線","半蔵門",5,2e+08
"547",558,"ジオグランデ元麻布","2018/3",200000000,200000000,"2LDK","2LDK",94,94,"港区","元麻布３","東京メトロ日比谷線","六本木",9,2e+08
"548",559,"THE SANMAISON 表参道","2018/3",200000000,200000000,"3LDK","3LDK",118.49,118.49,"渋谷区","神宮前４","東京メトロ銀座線","表参道",5,2e+08
"549",560,"カサーレ小平","2017/11",39500000,39500000,"3LDK","3LDK",65.1,65.1,"小平市","美園町２","西武新宿線","小平",8,39500000
"550",561,"エルパティオ両国","2017/11",39800000,39800000,"1LDK","1LDK",40.56,40.56,"墨田区","両国１","都営大江戸線","両国",10,39800000
"551",562,"カサーレ小平","2017/11",40400000,40400000,"3LDK","3LDK",67.89,67.89,"小平市","美園町２","西武新宿線","小平",8,40400000
"552",563,"カサーレ小平","2017/11",42600000,42600000,"3LDK","3LDK",71.72,71.72,"小平市","美園町２","西武新宿線","小平",8,42600000
"553",564,"カサーレ小平","2017/11",42700000,42700000,"3LDK","3LDK",68.31,68.31,"小平市","美園町２","西武新宿線","小平",8,42700000
"554",565,"カサーレ小平","2017/11",43300000,43300000,"3LDK","3LDK",68.31,68.31,"小平市","美園町２","西武新宿線","小平",8,43300000
"555",566,"カサーレ小平","2017/11",44700000,44700000,"3LDK","3LDK",71.5,71.5,"小平市","美園町２","西武新宿線","小平",8,44700000
"556",567,"カサーレ小平","2017/11",45600000,45600000,"3LDK","3LDK",70.15,70.15,"小平市","美園町２","西武新宿線","小平",8,45600000
"557",568,"カサーレ小平","2017/11",46000000,46000000,"3LDK","3LDK",74.1,74.1,"小平市","美園町２","西武新宿線","小平",8,4.6e+07
"558",569,"カサーレ小平","2017/11",46200000,46200000,"3LDK","3LDK",70.15,70.15,"小平市","美園町２","西武新宿線","小平",8,46200000
"559",570,"ザ・パークハウス西新宿タワー６０","2017/11",48000000,48000000,"1DK","1DK",35.66,35.66,"新宿区","西新宿５","都営大江戸線","西新宿五丁目",7,4.8e+07
"560",571,"カサーレ小平","2017/11",48500000,48500000,"4LDK","4LDK",80.58,80.58,"小平市","美園町２","西武新宿線","小平",8,48500000
"561",572,"ジーベック錦糸北斎通り","2017/11",48800000,48800000,"1LDK","1LDK",51.16,51.16,"墨田区","亀沢４","ＪＲ総武線","錦糸町",9,48800000
"562",573,"アビダス西国分寺","2017/11",49980000,49980000,"3LDK","3LDK",71.3,71.3,"国分寺市","西恋ヶ窪４","ＪＲ中央線","西国分寺",9,49980000
"563",574,"アビダス西国分寺","2017/11",49980000,49980000,"3LDK","3LDK",71.3,71.3,"国分寺市","西恋ヶ窪４","ＪＲ中央線","西国分寺",9,49980000
"564",575,"プラウド府中セントラル","2018/3",50800000,50800000,"2LDK","2LDK",53.77,53.77,"府中市","府中町２","京王線","府中",3,50800000
"565",576,"シティハウス中目黒テラス","2017/11",53800000,53800000,"1LDK","1LDK",38.9,38.9,"目黒区","中目黒４","東急東横線","中目黒",14,53800000
"566",577,"サンウッド東日本橋フラッツ","2017/11",54800000,54800000,"1LDK","1LDK",40,40,"中央区","日本橋横山町","ＪＲ総武線快速","馬喰町",1,54800000
"567",578,"パークシティ中央湊　ザ　タワー","2018/3",56800000,56800000,"1LDK","1LDK",48.12,48.12,"中央区","湊２","東京メトロ日比谷線","八丁堀",6,56800000
"568",579,"シティテラス小金井公園","2018/4",56980000,56980000,"4LDK","4LDK",80.13,80.13,"小平市","花小金井南町１","ＪＲ中央線","武蔵小金井",34,56980000
"569",580,"ザ・パークハウス西新宿タワー６０","2017/11",62000000,62000000,"1LDK","1LDK",47.48,47.48,"新宿区","西新宿５","都営大江戸線","西新宿五丁目",7,6.2e+07
"570",581,"ブリリア　ザタワー東京　八重洲アヴェニュー","2017/11",64800000,64800000,"1LDK","1LDK",43.89,43.89,"中央区","新川２","東京メトロ日比谷線","八丁堀",4,64800000
"571",582,"ブリリア　ザタワー東京　八重洲アベニュー","2017/11",64800000,64800000,"1LDK","1LDK",43.89,43.89,"中央区","新川２","東京メトロ日比谷線","八丁堀",4,64800000
"572",583,"シティハウス森下ステーションコート","2017/11",67500000,67500000,"2LDK+S","2LDK+S",67.61,67.61,"江東区","新大橋２","都営新宿線","森下",4,67500000
"573",584,"ザ・パークハウス西新宿タワー６０","2017/11",69800000,69800000,"2LDK","2LDK",57.47,57.47,"新宿区","西新宿５","都営大江戸線","西新宿五丁目",8,69800000
"574",585,"ブリリアタワーズ目黒　サウスレジデンス","2018/1",71800000,71800000,"1ワンルーム","1ワンルーム",34.86,34.86,"品川区","上大崎３","ＪＲ山手線","目黒",2,71800000
"575",586,"プラウド桜新町","2017/11",72800000,72800000,"3LDK","3LDK",74.46,74.46,"世田谷区","弦巻５","東急田園都市線","桜新町",10,72800000
"576",587,"ザ・パークハウス西新宿タワー６０","2017/11",73800000,73800000,"2LDK","2LDK",59.51,59.51,"新宿区","西新宿５","東京メトロ丸ノ内線","西新宿",9,73800000
"577",588,"オープンレジデンシア日本橋馬喰町","2018/3",74500000,74500000,"2LDK","2LDK",60.79,60.79,"中央区","日本橋馬喰町１","ＪＲ総武線快速","馬喰町",1,74500000
"578",589,"ザ・パークハウス西新宿タワー６０","2017/11",75000000,75000000,"2LDK","2LDK",56.39,56.39,"新宿区","西新宿５","都営大江戸線","西新宿五丁目",7,7.5e+07
"579",590,"アトラス押上","2017/11",75000000,75000000,"3LDK","3LDK",68.32,68.32,"墨田区","向島３","東京メトロ半蔵門線","押上",9,7.5e+07
"580",591,"ザ・パークハウス西新宿タワー６０","2017/11",78000000,78000000,"1LDK","1LDK",49.11,49.11,"新宿区","西新宿５","東京メトロ丸ノ内線","西新宿",9,7.8e+07
"581",592,"ザ・パークハウス西新宿タワー６０","2017/11",79000000,79000000,"2LDK","2LDK",59.51,59.51,"新宿区","西新宿５","都営大江戸線","西新宿五丁目",8,7.9e+07
"582",593,"ザ・パークハウス西新宿タワー６０","2017/11",79800000,79800000,"2LDK","2LDK",59.51,59.51,"新宿区","西新宿５","都営大江戸線","西新宿五丁目",7,79800000
"583",594,"シティタワー国分寺ザ・ツイン","2018/4",83500000,83500000,"3LDK","3LDK",71.21,71.21,"国分寺市","本町３","ＪＲ中央線","国分寺",1,83500000
"584",595,"パークシティ中央湊ザタワー","2017/11",83800000,83800000,"2LDK","2LDK",61.97,61.97,"中央区","湊２","東京メトロ日比谷線","八丁堀",6,83800000
"585",596,"ザ・パークハウス西新宿タワー６０","2017/11",86800000,86800000,"2LDK","2LDK",59.51,59.51,"新宿区","西新宿５","都営大江戸線","西新宿五丁目",7,86800000
"586",597,"ブリリアタワーズ目黒　サウスレジデンス","2018/3",92000000,92000000,"1LDK","1LDK",48.78,48.78,"品川区","上大崎３","ＪＲ山手線","目黒",2,9.2e+07
"587",598,"Ｂｒｉｌｌｉａ　ＴＨＥ　ＴＯＷＥＲ　ＴＯＫＹＯ　ＹＡＥＳＵＡＶＥ","2017/11",93500000,93500000,"2LDK","2LDK",68.79,68.79,"中央区","新川２","ＪＲ山手線","東京",16,93500000
"588",599,"ブリリアタワーズ目黒サウスレジデンス","2018/3",94800000,94800000,"1LDK","1LDK",48.78,48.78,"品川区","上大崎３","ＪＲ山手線","目黒",2,94800000
"589",600,"ブリリアタワーズ目黒　ノースレジデンス","2018/3",94800000,94800000,"1LDK","1LDK",49.87,49.87,"品川区","上大崎３","ＪＲ山手線","目黒",1,94800000
"590",601,"Ｂｒｉｌｌｉａ　ＴＨＥ　ＴＯＷＥＲ　ＴＯＫＹＯ　ＹＡＥＳＵＡＶＥ","2017/11",98500000,98500000,"3LDK","3LDK",73.3,73.3,"中央区","新川２","ＪＲ山手線","東京",16,98500000
"591",602,"ザ・パークハウス西新宿タワー６０","2017/11",99500000,99500000,"3LDK","3LDK",72.95,72.95,"新宿区","西新宿５","都営大江戸線","西新宿五丁目",7,99500000
"592",603,"ザ・パークハウス西新宿タワー６０","2017/11",99800000,99800000,"3LDK","3LDK",87.37,87.37,"新宿区","西新宿５","都営大江戸線","西新宿五丁目",8,99800000
"593",604,"Ｂｒｉｌｌｉａ　ＴＨＥ　ＴＯＷＥＲ　ＴＯＫＹＯ　ＹＡＥＳＵＡＶＥ","2017/11",99800000,99800000,"3LDK","3LDK",75.06,75.06,"中央区","新川２","ＪＲ山手線","東京",16,99800000
"594",605,"ザ・パークハウス西新宿タワー６０","2017/11",99900000,99900000,"3LDK","3LDK",81.5,81.5,"新宿区","西新宿５","都営大江戸線","西新宿五丁目",8,99900000
"595",606,"ザ・パークハウス西新宿タワー６０","2017/11",100000000,100000000,"3LDK","3LDK",77.93,77.93,"新宿区","西新宿５","都営大江戸線","西新宿五丁目",8,1e+08
"596",607,"ザ・パークハウス西新宿タワー６０","2017/11",100000000,100000000,"3LDK","3LDK",81.5,81.5,"新宿区","西新宿５","都営大江戸線","西新宿五丁目",8,1e+08
"597",608,"ＢｒｉｌｌｉａＴｏｗｅｒｓ目黒　ノースレジデンス","2018/2",100000000,100000000,"2LDK","2LDK",54.42,54.42,"品川区","上大崎３","ＪＲ山手線","目黒",1,1e+08
"598",609,"ブリリアタワーズ目黒ノースレジデンス","2018/3",100000000,100000000,"1LDK+S","1LDK+S",54.42,54.42,"品川区","上大崎３","ＪＲ山手線","目黒",1,1e+08
"599",610,"ザ・パークハウス西新宿タワー６０","2017/11",100000000,100000000,"2LDK","2LDK",70.01,70.01,"新宿区","西新宿５","都営大江戸線","西新宿五丁目",7,1e+08
"600",611,"ザ・パークハウス西新宿タワー６０","2017/11",100000000,100000000,"3LDK+S","3LDK+S",83.37,83.37,"新宿区","西新宿５","都営大江戸線","西新宿五丁目",7,1e+08
"601",612,"ザ・パークハウス西新宿タワー６０","2018/3",100000000,100000000,"3LDK","3LDK",83.37,83.37,"新宿区","西新宿５","都営大江戸線","西新宿五丁目",7,1e+08
"602",613,"ザ・パークハウス西新宿タワー６０","2018/4",100000000,100000000,"3LDK","3LDK",83.37,83.37,"新宿区","西新宿５","都営大江戸線","西新宿五丁目",8,1e+08
"603",614,"ザ・パークハウス新宿御苑","2017/12",100000000,100000000,"3LDK","3LDK",75.66,75.66,"新宿区","新宿２","東京メトロ丸ノ内線","新宿御苑前",1,1e+08
"604",615,"ザ・パークハウス西新宿タワー６０","2017/11",100000000,100000000,"3LDK","3LDK",89.86,89.86,"新宿区","西新宿５","東京メトロ丸ノ内線","西新宿",9,1e+08
